Participant ID,Assessment Date,Age Group,Gender,Country,Highest Education Level,Employment Status,Career Stage,Years of Experience,Current Job Function,Industry / Sector,Current Role Level,Career Interest,Previous AI Exposure,TG Nexus Cohort,Overall Baseline Score,Strategic Thinking Pre,Problem Solving Pre,Decision Making Pre,Leadership Pre,Adaptability Pre,Digital Capability Pre,AI Knowledge Pre,AI Application Pre,AI Judgement Pre,Data Literacy Pre,Primary Gap Identified,Intervention Type,Personalised Intervention,AI-Supported Recommendation,Intervention Start Date,Intervention End Date,Learning / Contact Hours,Completion Rate %,Engagement Level,Reassessment Date,Overall Post Score,Strategic Thinking Post,Problem Solving Post,Decision Making Post,Leadership Post,Adaptability Post,Digital Capability Post,AI Knowledge Post,AI Application Post,AI Judgement Post,Data Literacy Post,Outcome / Progression,Notes
TGN-000318,2026-08-27,25–34,Male,Nigeria,Bachelor's,Employed,Early Career,0+,Technology & Digital,Technology & Digital,,Backend Developer,,,50.88,62.9,83.6,49.7,30.9,78.1,28.5,58.8,46.9,40.3,43.8,Leadership Potential,,,Yes,,,,,,2026-08-29,80.41,,,,,,,,,,,,
TGN-001210,2026-08-22,,Female,Nigeria,Bachelor's,Other,Early Career,0+,"Business, Management & Consulting",,,Business Analysis,,,39.09,47.2,22.0,47.0,20.3,77.9,75.4,40.3,32.4,22.0,33.8,Business Analysis,,,Yes,,,,,,2026-08-26,87.88,,,,,,,,,,,,
TGN-000079,2026-08-12,,Male,Nigeria,Diploma,Employed,Early Career,1+,Retail & Customer Services,,,Data Analysis,,,39.29,29.9,18.9,41.7,67.1,71.5,77.8,40.2,33.1,37.7,41.9,Cover Letter & Application Writing,,,Yes,,,,,,2026-08-26,85.15,,,,,,,,,,,,
TGN-001187,2026-08-22,25–34,Male,Nigeria,Bachelor's,Other,Early Career,0+,Technology & Digital,,,Backend Development,,,93.27,91.9,98.6,98.4,94.3,100.0,98.3,75.2,71.4,77.5,82.8,Cover Letter & Application Writing,,,Yes,,,,,,,,,,,,,,,,,,,
TGN-000747,2026-08-19,25–34,Male,Nigeria,Diploma,Other,Early Career,0,Technology & Digital,,,Frontend Development,,,98.95,99.7,100.0,92.9,98.7,100.0,100.0,84.0,82.6,84.6,87.7,CV / Resume Development,,,Yes,,,,,,,,,,,,,,,,,,,
TGN-000974,2026-08-20,25–34,Male,Nigeria,Bachelor's,Other,Early Career,0+,Technology & Digital,,,Frontend Development,,,79.05,77.6,85.0,73.2,85.1,86.7,89.1,66.2,55.8,78.7,78.7,Work-Life Balance & Personal Effectiveness,,,Yes,,,,,,,,,,,,,,,,,,,
TGN-000085,2026-08-12,18–24,Female,Nigeria,Bachelor's,Student,Early Career,0+,Student & Early Career,,,Data Analysis,,,79.35,71.1,90.6,79.9,88.6,88.1,90.8,60.7,47.8,73.3,71.2,Interview Readiness,,,Yes,,,,,,,,,,,,,,,,,,,
TGN-000131,2026-08-13,18–24,Male,Nigeria,Bachelor's,Other,Early Career,1+,Technology & Digital,,,Backend Development,,,95.33,100.0,100.0,100.0,94.5,93.0,95.6,76.0,73.7,86.6,74.9,Time Management & Productivity,,,Yes,,,,,,,,,,,,,,,,,,,
TGN-000190,2026-08-14,18–24,Male,Nigeria,Bachelor's,Employed,Early Career,0,Technology & Digital,,,Backend Development,,,90.65,89.0,94.7,92.2,92.0,96.7,100.0,75.1,83.8,69.9,77.2,LinkedIn & Digital Presence,,,Yes,,,,,,,,,,,,,,,,,,,
TGN-000669,2026-08-19,25–34,Female,Nigeria,Bachelor's,Student,Early Career,0+,Technology & Digital,,,Product (UX/UI) Design,,,80.77,82.9,96.5,82.9,89.5,45.0,43.9,63.4,60.3,67.4,70.6,Confidence & Professional Presence,,,Yes,,,,,,,,,,,,,,,,,,,
TGN-000942,2026-08-20,18–24,Male,Nigeria,Bachelor's,Other,Early Career,0+,Technology & Digital,,,Frontend Development,,,88.68,89.2,99.2,91.1,88.5,41.6,94.4,77.7,72.9,82.1,84.0,Self-Awareness & Personal Branding,,,Yes,,,,,,,,,,,,,,,,,,,
TGN-000150,2026-08-13,25–34,Male,Nigeria,Bachelor's,Employed,Early Career,0,Technology & Digital,,,Backend Development,,,79.21,80.5,42.3,84.4,86.7,92.4,87.5,72.0,71.9,64.8,56.8,Professional Communication,,,Yes,,,,,,,,,,,,,,,,,,,
TGN-001114,2026-08-21,18–24,Male,Nigeria,Bachelor's,Other,Early Career,0,Technology & Digital,,,Backend Development,,,93.07,100.0,99.3,96.9,100.0,100.0,100.0,76.8,81.2,80.9,82.9,LinkedIn & Digital Presence,,,Yes,,,,,,,,,,,,,,,,,,,
TGN-000492,2026-08-18,25–34,Male,Nigeria,Bachelor's,Other,Early Career,0+,Technology & Digital,,,Backend Development,,,90.29,82.4,98.8,84.0,97.8,94.4,99.5,79.7,73.6,75.9,81.7,Networking & Relationship Building,,,Yes,,,,,,,,,,,,,,,,,,,
TGN-000819,2026-08-19,18–24,Female,Nigeria,Bachelor's,Student,Early Career,0,Technology & Digital,,,Product (UX/UI) Design,,,92.93,84.0,38.8,96.9,94.6,95.5,41.4,69.5,71.8,73.4,73.9,AI & Digital Career Readiness,,,Yes,,,,,,,,,,,,,,,,,,,
TGN-000241,2026-08-27,,Male,Nigeria,Bachelor's,Other,Early Career,0,Technology & Digital,Technology & Digital,,Frontend Developer,,,81.44,83.3,94.4,77.1,96.3,100.0,93.5,64.1,60.3,70.9,63.6,Time Management & Productivity,,,Yes,,,,,,,,,,,,,,,,,,,
TGN-000254,2026-08-14,18–24,Male,lagos,Bachelor's,Other,Early Career,0+,Student & Early Career,,,Frontend Development,,,80.95,84.5,37.6,81.1,88.3,89.2,97.9,81.0,60.6,66.0,55.0,Problem Solving & Critical Thinking,,,Yes,,,,,,,,,,,,,,,,,,,
TGN-000599,2026-08-18,25–34,Male,Nigeria,Diploma,Other,Early Career,0+,Technology & Digital,,,Product (UX/UI) Design,,,84.68,86.1,40.8,91.2,95.8,95.8,96.1,74.1,75.8,79.2,70.4,Networking & Relationship Building,,,Yes,,,,,,,,,,,,,,,,,,,
TGN-000572,2026-08-18,25–34,Male,Nigeria,Bachelor's,Student,Early Career,0+,Student & Early Career,,,Data Science,,,95.33,90.0,100.0,90.4,90.5,91.7,99.0,75.0,76.3,80.3,86.4,Confidence & Professional Presence,,,Yes,,,,,,,,,,,,,,,,,,,
TGN-000781,2026-08-19,18–24,Male,Nigeria,Bachelor's,Other,Early Career,0,Technology & Digital,,,Backend Development,,,91.09,92.2,100.0,97.4,96.0,96.5,100.0,71.5,71.2,68.8,77.0,Time Management & Productivity,,,Yes,,,,,,,,,,,,,,,,,,,
TGN-000704,2026-08-22,18–24,Male,Nigeria,Bachelor's,Student,Early Career,0,Technology & Digital,,,Backend Development,,,91.18,93.5,100.0,86.2,92.5,98.0,99.2,74.0,73.8,71.0,73.0,CV / Resume Development,,,Yes,,,,,,,,,,,,,,,,,,,
TGN-000556,2026-08-24,18–24,Female,Nigeria,Bachelor's,Other,Early Career,0,"Business, Management & Consulting",,,Business Analysis,,,99.06,100.0,96.8,98.2,96.1,100.0,100.0,83.4,75.1,77.8,74.5,CV / Resume Development,,,Yes,,,,,,,,,,,,,,,,,,,
TGN-000237,2026-08-16,25–34,Male,Nigeria,Bachelor's,Other,Early Career,0,Technology & Digital,,,Frontend Development,,,94.85,96.4,99.4,100.0,95.9,97.9,100.0,78.7,70.6,82.7,84.7,Public Speaking & Presentation Skills,,,Yes,,,,,,,,,,,,,,,,,,,
TGN-001300,2026-08-14,18–24,Male,Nigeria,Bachelor's,Other,Early Career,0,Technology & Digital,,,Backend Development,,,76.92,81.7,90.7,78.9,91.1,93.4,39.2,72.0,63.9,74.1,67.2,AI & Digital Career Readiness,,,Yes,,,,,,,,,,,,,,,,,,,
TGN-000316,2026-08-14,18–24,Male,Nigeria,Bachelor's,Student,Early Career,0+,Technology & Digital,,,Frontend Development,,,94.23,94.4,94.4,94.9,96.2,99.5,93.1,67.4,77.9,79.9,78.4,Public Speaking & Presentation Skills,,,Yes,,,,,,,,,,,,,,,,,,,
TGN-000311,2026-08-14,18–24,Male,Nigeria,Bachelor's,Student,Early Career,0+,Technology & Digital,,,Full-stack Development,,,99.07,100.0,100.0,100.0,95.1,100.0,100.0,80.7,79.1,89.4,77.7,CV / Resume Development,,,Yes,,,,,,,,,,,,,,,,,,,
TGN-001594,2026-07-10,25–34,Male,Lagos,Diploma,Student,Early Career,0+,Tech Savvy,,,AI Consulting,,,78.3,81.0,90.2,79.3,90.6,86.3,92.9,70.5,69.4,70.2,69.5,Time Management & Productivity,,,Yes,,,,,,,,,,,,,,,,,,,
TGN-000089,2026-08-12,18–24,Female,Nigeria,Bachelor's,Other,Early Career,0+,others: Product design,,,Product (UX/UI) Design,,,91.89,84.8,89.9,88.9,94.5,94.4,45.0,68.9,69.2,76.6,75.8,AI & Digital Career Readiness,,,Yes,,,,,,,,,,,,,,,,,,,
TGN-001463,2026-08-19,25–34,Male,Nigeria,Bachelor's,Other,Early Career,1+,Technology & Digital,,,Backend Development,,,94.17,90.3,99.3,90.6,96.4,90.9,100.0,76.9,81.2,80.4,80.4,Job Search Strategy,,,Yes,,,,,,,,,,,,,,,,,,,
TGN-000417,2026-08-18,25–34,Male,Nigeria,Bachelor's,Student,Mid-Career,2+,Technology & Digital,,,Backend Development,,,83.17,87.7,91.8,81.0,88.4,94.3,100.0,62.6,61.7,70.5,83.3,Career Advancement Strategy,,,Yes,,,,,,,,,,,,,,,,,,,
TGN-000187,2026-08-14,25–34,Male,Nigeria,Bachelor's,Self-employed,Early Career,0+,Technology & Digital,,,Full-stack Development,,,95.83,97.9,98.5,93.7,94.7,93.5,99.0,72.6,72.3,78.5,94.8,Interview Readiness,,,Yes,,,,,,,,,,,,,,,,,,,
TGN-000340,2026-08-27,,Male,Nigeria,Bachelor's,Employed,Early Career,0+,Software developer,Technology & Digital,,Frontend Developer,,,46.85,38.7,69.5,46.6,73.3,16.9,78.1,40.4,34.8,37.8,38.9,Time Management & Productivity,,,Yes,,,,,,,,,,,,,,,,,,,
TGN-000477,2026-08-18,18–24,Male,Nigeria,Bachelor's,Other,Early Career,0+,Technology & Digital,,,Backend Development,,,82.24,73.2,89.4,71.6,91.1,89.2,96.5,64.2,62.9,59.6,82.9,Interview Readiness,,,Yes,,,,,,,,,,,,,,,,,,,
TGN-000998,2026-08-20,18–24,Male,Nigeria,Bachelor's,Other,Early Career,0,Student & Early Career,,,Frontend Development,,,83.49,80.2,90.2,77.8,90.6,93.7,94.8,66.7,55.6,77.6,69.3,Work-Life Balance & Personal Effectiveness,,,Yes,,,,,,,,,,,,,,,,,,,
TGN-001268,2026-08-23,18–24,Female,Nigeria,Bachelor's,Other,Early Career,0+,Technology & Digital,,,Frontend Development,,,91.84,93.5,98.6,95.9,94.2,98.6,98.9,69.7,79.4,77.3,73.3,CV / Resume Development,,,Yes,,,,,,,,,,,,,,,,,,,
TGN-000720,2026-08-19,25–34,Male,Nigeria,Associate,Other,Early Career,0,Technology & Digital,,,Mobile App Development,,,82.24,80.5,93.3,85.0,94.2,94.6,38.7,74.6,59.5,65.5,65.0,Confidence & Professional Presence,,,Yes,,,,,,,,,,,,,,,,,,,
TGN-001320,2026-08-24,25–34,Female,Nigeria,Bachelor's,Other,Early Career,0+,Technology & Digital,,,Full-stack Development,,,82.65,84.3,84.9,81.4,90.3,89.3,96.3,70.1,72.7,65.5,67.3,Time Management & Productivity,,,Yes,,,,,,,,,,,,,,,,,,,
TGN-000709,2026-08-21,18–24,Male,Nigeria,Bachelor's,Other,Early Career,0+,"Business, Management & Consulting",,,Business Analysis,,,70.71,74.2,90.9,68.1,84.8,93.2,40.2,59.2,62.5,52.4,42.8,Interview Readiness,,,Yes,,,,,,,,,,,,,,,,,,,
TGN-001396,2026-08-28,,Male,Nigeria,Bachelor's,Other,Early Career,0+,Student & Early Career,Technology & Digital,,Backend Developer,,,93.27,100.0,100.0,95.4,93.0,100.0,97.7,78.5,71.4,76.8,84.1,Professional Communication,,,Yes,,,,,,,,,,,,,,,,,,,
TGN-000328,2026-08-15,25–34,Male,Nigeria,Bachelor's,Other,Early Career,0+,Technology & Digital,,,Backend Development,,,75.24,78.0,90.5,68.5,90.3,89.8,91.3,58.0,63.5,62.9,65.0,Time Management & Productivity,,,Yes,,,,,,,,,,,,,,,,,,,
TGN-001332,2026-08-24,18–24,Male,Nigeria,Bachelor's,Student,Early Career,0,"Business, Management & Consulting",,,Business Analysis,,,92.0,99.9,100.0,100.0,96.7,45.0,97.3,80.0,73.1,78.7,70.6,Networking & Relationship Building,,,Yes,,,,,,,,,,,,,,,,,,,
TGN-000885,2026-08-20,25–34,Female,Nigeria,Bachelor's,Other,Early Career,0+,Technology & Digital,,,Frontend Development,,,80.37,80.6,91.9,80.6,89.6,93.2,93.5,66.5,63.6,65.2,67.6,Networking & Relationship Building,,,Yes,,,,,,,,,,,,,,,,,,,
TGN-001484,2026-08-22,18–24,Male,Nigeria,Bachelor's,Student,Early Career,0,Technology & Digital,,,AI Engineering,,,98.1,94.6,100.0,93.2,93.9,99.8,95.5,76.5,82.2,84.8,78.6,,,,Yes,,,,,,,,,,,,,,,,,,,
TGN-001171,2026-08-24,,,Nigeria,Bachelor's,,Early Career,0,Finance & Banking,,,Business Analysis,,,72.45,69.4,86.1,62.9,87.6,93.1,90.6,65.5,64.1,60.2,62.9,CV / Resume Development,,,Yes,,,,,,2026-08-29,78.7,,,,,,,,,,,,
TGN-001475,2026-08-21,,Female,Kenya,Professional,Self-employed,Early Career,0,Creative Industries & Media,,,Social Media Management,,,94.95,94.2,93.6,96.7,95.6,45.0,100.0,75.5,75.1,83.0,75.0,Time Management & Productivity,,,Yes,,,,,,,,,,,,,,,,,,,
TGN-000095,2026-08-12,18–24,Female,Nigeria,,Student,Early Career,0,Student & Early Career,,,Business Analysis,,,94.62,90.5,100.0,99.9,92.6,98.0,100.0,79.8,66.8,77.3,78.6,Interview Readiness,,,Yes,,,,,,,,,,,,,,,,,,,
TGN-000619,2026-08-18,,Male,Nigeria,Bachelor's,Student,Early Career,0,Technology & Digital,,,Cybersecurity Analysis,,,70.0,59.1,38.9,66.3,80.5,36.3,83.2,58.2,60.3,61.2,56.2,Adaptability & Growth Mindset,,,Yes,,,,,,,,,,,,,,,,,,,
TGN-000779,2026-08-19,25–34,Female,Nigeria,Bachelor's,Other,Mid-Career,2+,Technology & Digital,,,Frontend Development,,,100.0,100.0,100.0,100.0,91.3,95.3,100.0,98.0,91.0,86.3,78.8,,,,Yes,,,,,,,,,,,,,,,,,,,
TGN-000816,2026-08-19,,Female,Nigeria,Bachelor's,Student,Early Career,0,Technology & Digital,,,Backend Development,,,86.36,82.1,93.0,86.3,93.7,95.8,93.8,73.5,72.5,69.9,70.1,Interview Readiness,,,Yes,,,,,,,,,,,,,,,,,,,
TGN-000795,2026-08-19,,Male,Nigeria,Bachelor's,Other,Early Career,1+,Technology & Digital,,,Frontend Development,,,84.91,78.9,92.5,84.3,90.5,86.8,100.0,71.3,73.2,73.0,65.2,Time Management & Productivity,,,Yes,,,,,,,,,,,,,,,,,,,
TGN-000005,2026-08-06,,Female,Nigeria,Bachelor's,Self-employed,Early Career,0,Business Operations Manager,,,Business Operation Manager,,,83.19,82.5,86.8,77.5,90.8,85.6,96.0,66.8,65.8,70.9,74.5,Career Advancement Strategy,,,Yes,,,,,,,,,,,,,,,,,,,
TGN-001531,2026-07-09,,Female,Lagos state,Bachelor's,Student,,,Student,,,Technical Writing,,,52.43,58.0,83.8,52.7,25.0,80.2,82.9,49.1,47.4,48.2,50.5,Career Advancement Strategy,,,Yes,,,,,,2026-07-09,78.43,,,,,,,,,,,,
TGN-001485,2026-08-23,,Male,Nigeria,Bachelor's,Other,Early Career,1+,Technology & Digital,,,Web Development,,,89.57,95.5,95.0,83.3,99.5,95.1,100.0,78.1,62.1,67.3,73.4,Interview Readiness,,,Yes,,,,,,,,,,,,,,,,,,,
TGN-001081,2026-08-21,,Male,Nigeria,Bachelor's,Other,Early Career,0+,Creative Industries & Media,,,Graphic Design,,,78.22,82.4,87.6,67.8,92.2,38.8,92.0,70.6,68.4,62.6,64.5,Continuous Learning & Skill Development,,,Yes,,,,,,,,,,,,,,,,,,,
TGN-001343,2026-08-17,,Male,Nigeria,Bachelor's,Other,Early Career,0+,Technology & Digital,,,Frontend Development,,,87.74,89.3,97.9,88.2,91.9,98.0,95.3,81.6,83.4,69.9,79.7,LinkedIn & Digital Presence,,,Yes,,,,,,,,,,,,,,,,,,,
TGN-000870,2026-08-21,25–34,Male,Nigeria,Bachelor's,Other,Early Career,0+,Technology & Digital,,,Backend Development,,,82.3,82.2,94.9,82.6,87.6,92.4,95.2,69.5,62.9,75.7,77.5,,,,Yes,,,,,,,,,,,,,,,,,,,
TGN-000859,2026-08-19,25–34,Male,Nigeria,Bachelor's,Other,Early Career,0,Technology & Digital,,,Frontend Development,,,93.55,89.0,95.2,94.6,85.8,100.0,96.9,78.4,80.2,78.8,77.1,,,,Yes,,,,,,,,,,,,,,,,,,,
TGN-000694,2026-08-20,,Female,Nigeria,Bachelor's,Other,Early Career,0,Technology & Digital,,,Frontend Development,,,85.15,93.8,99.4,78.0,92.4,93.7,90.4,67.5,71.7,80.1,82.3,CV / Resume Development,,,Yes,,,,,,,,,,,,,,,,,,,
TGN-000234,2026-08-14,,Male,Nigeria,Diploma,Self-employed,Early Career,0,Technology & Digital,,,Backend Development,,,81.42,75.9,93.6,71.8,88.1,28.5,92.8,74.5,66.2,68.4,76.4,Adaptability & Growth Mindset,,,Yes,,,,,,,,,,,,,,,,,,,
TGN-000227,2026-08-14,,Male,Nigeria,Bachelor's,Employed,Early Career,0,Technology & Digital,,,Backend Development,,,82.41,87.8,90.3,88.2,88.1,94.3,95.7,93.9,63.0,69.5,64.1,Interview Readiness,,,Yes,,,,,,,,,,,,,,,,,,,
TGN-000251,2026-08-14,,Female,Nigeria,Bachelor's,Student,Early Career,0+,Technology & Digital,,,Frontend Development,,,82.69,100.0,92.3,86.5,90.8,100.0,95.0,71.1,62.2,66.2,83.8,Interview Readiness,,,Yes,,,,,,,,,,,,,,,,,,,
TGN-000545,2026-08-23,,Male,Nigeria,Professional,Student,Early Career,1+,Student & Early Career,,,Graphic Design,,,83.5,78.2,91.7,86.3,80.2,92.4,94.0,70.4,75.4,64.4,60.2,Time Management & Productivity,,,Yes,,,,,,,,,,,,,,,,,,,
TGN-000093,2026-08-12,25–34,Female,Nigeria,Bachelor's,Other,Early Career,0+,"Marketing, Sales & Communications",,,Product Management,,,98.02,96.8,98.6,94.2,95.2,100.0,98.1,84.0,73.2,80.9,89.5,,,,Yes,,,,,,,,,,,,,,,,,,,
TGN-000125,2026-08-13,25–34,Male,Nigeria,Professional,Employed,Early Career,1+,Technology & Digital,,,Backend Development,,,98.04,100.0,100.0,100.0,100.0,97.2,100.0,84.0,72.3,81.8,79.5,,,,Yes,,,,,,,,,,,,,,,,,,,
TGN-000735,2026-08-19,18–24,Male,Nigeria,Bachelor's,Other,Early Career,0+,Technology & Digital,,,Frontend Development,,,98.25,92.0,96.5,94.7,98.1,97.6,99.9,89.1,77.5,75.7,83.5,,,,Yes,,,,,,,,,,,,,,,,,,,
TGN-001072,2026-08-21,18–24,Female,Nigeria,Bachelor's,Other,Early Career,0+,Creative Industries & Media,,,Social Media Management,,,99.08,90.5,95.4,99.3,97.8,99.7,100.0,80.1,80.8,74.0,79.3,,,,Yes,,,,,,,,,,,,,,,,,,,
TGN-001284,2026-08-13,,Male,Enugu,Bachelor's,Self-employed,Early Career,1+,Technology & Digital,,,Product (UX/UI) Design,,,68.42,69.9,94.0,63.8,86.6,85.8,86.8,61.9,51.1,55.4,57.0,Job Search Strategy,,,Yes,,,,,,,,,,,,,,,,,,,
TGN-001277,2026-08-23,,Male,Nigeria,Bachelor's,Other,Early Career,0,Technology & Digital,,,Data Analysis,,,79.81,82.9,84.6,77.7,86.2,100.0,87.1,71.3,55.6,61.0,68.5,Time Management & Productivity,,,Yes,,,,,,,,,,,,,,,,,,,
TGN-000894,2026-08-20,,Female,Nigeria,Bachelor's,Employed,Early Career,0,Manufacturing & Logistics,,,Business Analysis,,,83.87,91.8,94.3,87.6,93.4,98.1,100.0,67.8,58.5,63.1,74.1,Public Speaking & Presentation Skills,,,Yes,,,,,,,,,,,,,,,,,,,
TGN-000711,2026-08-19,,Male,Nigeria,Bachelor's,Employed,Early Career,0,Technology & Digital,,,Frontend Development,,,95.24,94.6,99.8,93.6,92.5,93.0,94.5,80.8,86.5,81.7,69.1,Workplace Professionalism & Etiquette,,,Yes,,,,,,,,,,,,,,,,,,,
TGN-001261,2026-08-23,,Male,Nigeria,Bachelor's,Other,Early Career,0+,"Business, Management & Consulting",,,Project Management,,,91.89,95.7,99.1,90.1,93.6,99.7,99.0,72.1,74.6,81.4,88.8,Interview Readiness,,,Yes,,,,,,,,,,,,,,,,,,,
TGN-001175,2026-08-22,,Male,Nigeria,Diploma,Self-employed,Early Career,0,Technology & Digital,,,Frontend Development,,,94.39,100.0,100.0,97.9,98.0,95.9,100.0,91.4,76.4,87.0,84.6,Career Advancement Strategy,,,Yes,,,,,,,,,,,,,,,,,,,
TGN-001177,2026-07-09,18–24,Female,Nigeria,Bachelor's,Student,Early Career,0,Student,,,Data Analysis,,,97.03,99.2,92.0,89.3,95.9,100.0,95.3,81.8,77.4,80.9,83.6,,,,Yes,,,,,,,,,,,,,,,,,,,
TGN-001426,2026-09-07,18–24,,Nigeria,Bachelor's,,Early Career,0+,"Business, Management & Consulting","Business, Management & Consulting",,Business Analyst,,,88.78,90.4,94.5,89.4,89.2,94.6,97.0,75.8,62.4,65.5,74.4,Career Clarity & Direction,,,Yes,,,,,,,,,,,,,,,,,,,
TGN-001424,2026-09-06,,Female,Nigeria,Bachelor's,Other,Early Career,0,"Business, Management & Consulting","Business, Management & Consulting",,Operations Manager,,,82.52,79.7,99.2,83.4,98.8,91.1,94.2,73.9,61.9,73.0,69.1,,,,Yes,,,,,,,,,,,,,,,,,,,
TGN-001656,2026-07-11,18–24,Male,"Adamawa state, Yola south",Bachelor's,Student,Early Career,0,Technical Writer,,,Technical Writing,,,100.0,89.0,100.0,99.7,96.2,100.0,100.0,88.1,67.7,88.4,79.5,,,,Yes,,,,,,,,,,,,,,,,,,,
TGN-000141,2026-08-13,25–34,Male,Nigeria,Bachelor's,Student,Early Career,0,Skilled Trades & Technical Services,,,Backend Development,,,100.0,100.0,100.0,100.0,93.5,100.0,100.0,72.0,77.7,87.7,78.6,,,,Yes,,,,,,,,,,,,,,,,,,,
TGN-000041,2026-08-14,,Female,Nigeria,Bachelor's,Other,Early Career,1+,Healthcare,,,Data Analysis,,,92.73,94.8,87.5,91.6,97.8,97.4,97.5,71.0,78.4,74.8,84.7,Time Management & Productivity,,,Yes,,,,,,,,,,,,,,,,,,,
TGN-000426,2026-08-17,,,Nigeria,Bachelor's,,Early Career,0+,Student & Early Career,,,Backend Development,,,69.37,67.1,90.2,65.1,80.5,36.9,93.1,52.2,47.0,58.8,68.8,LinkedIn & Digital Presence,,,Yes,,,,,,2026-08-27,77.55,,,,,,,,,,,,
TGN-000952,2026-08-15,18–24,Male,Nigeria,Bachelor's,Student,Early Career,0,Full-Stack Developer,,,Web Development,,,98.15,98.8,100.0,85.8,95.2,100.0,99.6,85.9,78.3,95.4,74.6,,,,Yes,,,,,,,,,,,,,,,,,,,
TGN-000695,2026-08-19,,Male,Nigeria,Bachelor's,Other,Early Career,0+,Technology & Digital,,,Frontend Development,,,83.84,80.7,89.1,84.1,92.8,89.9,92.2,73.7,65.7,65.0,67.0,Interview Readiness,,,Yes,,,,,,,,,,,,,,,,,,,
TGN-000678,2026-08-19,18–24,Male,Nigeria,Bachelor's,Student,Early Career,0+,Technology & Digital,,,Backend Development,,,97.35,91.3,100.0,100.0,100.0,100.0,97.4,83.8,78.8,85.9,72.8,,,,Yes,,,,,,,,,,,,,,,,,,,
TGN-000344,2026-08-17,18–24,Male,Nigeria,Bachelor's,Student,Early Career,0,Technology & Digital,,,Full-stack Development,,,100.0,100.0,100.0,100.0,100.0,100.0,100.0,88.4,75.7,84.2,74.9,,,,Yes,,,,,,,,,,,,,,,,,,,
TGN-000699,2026-08-20,,Male,Nigeria,Bachelor's,Employed,Early Career,1+,Technology & Digital,,,Product (UX/UI) Design,,,93.33,86.8,94.4,82.3,89.7,97.2,88.7,69.4,66.4,77.5,78.1,Confidence & Professional Presence,,,Yes,,,,,,,,,,,,,,,,,,,
TGN-000068,2026-08-12,,Male,Nigeria,Bachelor's,Student,Early Career,0,others: Industry Creative Design/ Digital Media,,,Product (UX/UI) Design,,,94.9,100.0,99.6,93.9,95.0,100.0,100.0,78.0,69.8,82.7,84.1,CV / Resume Development,,,Yes,,,,,,,,,,,,,,,,,,,
TGN-000057,2026-08-12,18–24,Female,Nigeria,Professional,Student,Early Career,0+,Technology & Digital,,,Product (UX/UI) Design,,,100.0,100.0,99.7,100.0,96.9,100.0,100.0,86.9,79.4,84.0,85.4,,,,Yes,,,,,,,,,,,,,,,,,,,
TGN-001508,2026-05-22,25–34,Male,Nigeria,Bachelor's,Other,Early Career,0+,Software developer and GIS analyst,,,,,,73.0,87.5,90.5,85.3,88.5,94.7,92.5,73.4,65.7,61.6,75.4,,,,,,,,,,2026-05-22,83.0,,,,,,,,,,,,
TGN-001226,2026-06-10,18–24,Male,Nigeria,,Student,Early Career,1+,Graphics designer,,,Graphic Design,,,58.0,64.3,29.2,63.2,22.3,79.8,85.4,52.4,50.1,50.1,51.6,,,,,,,,,,2026-06-10,99.0,,,,,,,,,,,,
TGN-000064,2026-08-12,18–24,Male,Nigeria,,Other,Early Career,0,Technology & Digital,,,Product (UX/UI) Design,,,88.18,99.4,93.1,91.8,93.7,95.2,91.5,79.1,65.0,85.5,87.3,Continuous Learning & Skill Development,,,Yes,,,,,,,,,,,,,,,,,,,
TGN-001047,2026-08-20,,Male,Nigeria,Bachelor's,Student,Early Career,0,"Marketing, Sales & Communications",,,Social Media Management,,,98.06,94.5,100.0,95.6,100.0,100.0,98.8,80.5,72.4,81.0,78.3,LinkedIn & Digital Presence,,,Yes,,,,,,,,,,,,,,,,,,,
TGN-000272,2026-08-14,,Male,Nigeria,Bachelor's,Other,Early Career,0+,Engineering & Construction,,,Social Media Management,,,80.81,76.0,90.8,77.0,32.2,98.2,89.8,65.8,69.1,78.4,83.3,CV / Resume Development,,,Yes,,,,,,,,,,,,,,,,,,,
TGN-000245,2026-08-15,18–24,Male,Nigeria,Bachelor's,Student,Early Career,0,Student & Early Career,,,Frontend Development,,,90.0,87.7,100.0,92.5,97.8,91.3,99.2,77.8,62.5,64.6,67.3,,,,Yes,,,,,,,,,,,,,,,,,,,
TGN-000700,2026-08-19,,Male,Nigeria,Bachelor's,Student,Early Career,0,Technology & Digital,,,Backend Development,,,88.79,81.9,97.5,83.4,35.4,97.3,99.5,83.0,58.6,71.1,74.9,Time Management & Productivity,,,Yes,,,,,,,,,,,,,,,,,,,
TGN-001318,2026-08-24,,,Nigeria,Bachelor's,,Early Career,0+,Technology & Digital,,,Data Analysis,,,0.0,0.0,1.0,4.0,6.3,1.0,1.0,0.0,2.3,0.0,0.0,Data Analysis,,,Yes,,,,,,2026-08-27,78.45,,,,,,,,,,,,
TGN-000330,2026-08-16,,,Nigeria,Bachelor's,,Early Career,0+,Technology & Digital,,,Product (UX/UI) Design,,,56.86,57.3,32.3,52.5,80.9,31.9,86.6,48.1,57.1,48.5,55.1,Interview Readiness,,,Yes,,,,,,2026-08-26,85.98,,,,,,,,,,,,
TGN-001417,2026-09-03,18–24,Male,Nigeria,,Student,,,Technology & Digital,Technology & Digital,,Data Analyst,,,74.26,80.6,84.8,80.4,86.8,37.9,96.7,64.9,51.4,76.9,68.3,Work-Life Balance & Personal Effectiveness,,,Yes,,,,,,,,,,,,,,,,,,,
TGN-001658,2026-07-12,,Female,Nigeria,Bachelor's,Employed,Early Career,0,Social Media Manager,,,Social Media Management,,,98.2,98.7,98.7,100.0,100.0,100.0,95.3,68.5,69.9,86.4,88.9,,,,Yes,,,,,,,,,,,,,,,,,,,
TGN-000986,2026-08-20,,Male,Nigeria,Diploma,Other,Early Career,0,Engineering & Construction,,,Frontend Development,,,98.15,100.0,97.8,99.4,94.1,100.0,96.7,86.3,80.1,74.4,84.2,,,,Yes,,,,,,,,,,,,,,,,,,,
TGN-000955,2026-08-25,,,Nigeria,Bachelor's,,Early Career,1+,Technology & Digital,Technology & Digital,,Data Analyst,,,88.35,89.8,98.2,94.8,91.2,45.0,97.5,88.2,73.7,81.1,66.6,Adaptability & Growth Mindset,,,Yes,,,,,,,,,,,,,,,,,,,
TGN-000628,2026-08-18,,Female,Nigeria,Master's,Other,Mid-Career,4+,"Business, Management & Consulting",,,Business Analysis,,,94.62,95.1,100.0,91.0,97.0,94.9,95.7,82.5,68.9,74.4,75.7,,,,Yes,,,,,,,,,,,,,,,,,,,
TGN-001461,2026-08-19,,Male,Nigeria,Bachelor's,Other,Early Career,0,Technology & Digital,,,Frontend Development,,,86.79,90.5,100.0,98.0,92.1,97.1,97.4,81.7,69.8,71.2,84.4,,,,Yes,,,,,,,,,,,,,,,,,,,
TGN-001411,2026-08-31,,,Nigeria,Bachelor's,,Early Career,0,Entrepreneurship & Business Ownership,Technology & Digital,,UX/UI Designer,,,81.25,75.0,95.6,70.8,38.6,43.5,92.7,78.5,58.9,66.2,61.0,Interview Readiness,,,Yes,,,,,,,,,,,,,,,,,,,
TGN-000139,2026-08-13,,Male,Nigeria,Bachelor's,Other,Mid-Career,4+,Technology & Digital,,,Backend Development,,,97.06,100.0,98.1,96.2,87.2,93.9,100.0,77.7,80.9,80.3,87.0,,,,Yes,,,,,,,,,,,,,,,,,,,
TGN-001211,2026-08-22,,Male,Nigeria,Bachelor's,Other,Early Career,0+,Technology & Digital,,,Frontend Development,,,91.26,88.7,97.8,90.7,91.5,98.7,94.8,78.8,73.0,78.4,84.4,,,,Yes,,,,,,,,,,,,,,,,,,,
TGN-001685,2026-07-28,,Female,Lagos,Bachelor's,Other,Early Career,0,Content Creator,,,Content Creation,,,98.04,95.9,97.9,100.0,91.9,99.0,99.7,82.6,74.3,77.2,73.7,,,,Yes,,,,,,,,,,,,,,,,,,,
TGN-001414,2026-09-02,,,Ghana,Bachelor's,,Early Career,0,"Business, Management & Consulting","Business, Management & Consulting",,Business Analyst,,,90.43,94.7,100.0,88.2,97.8,94.6,96.8,75.0,72.3,75.9,72.3,Job Search Strategy,,,Yes,,,,,,,,,,,,,,,,,,,
TGN-000157,2026-08-25,18–24,Male,Nigeria,,Student,,,Technology & Digital,Technology & Digital,,Web Developer,,,88.89,89.2,39.3,93.8,91.7,100.0,94.0,69.1,81.0,71.8,63.5,Problem Solving & Critical Thinking,,,Yes,,,,,,,,,,,,,,,,,,,
TGN-001427,2026-09-07,25–34,Female,Nigeria,,Employed,,,Technology & Digital,Technology & Digital,,Product Designer,,,28.28,17.6,63.3,30.4,5.7,13.8,18.4,21.4,15.2,23.7,25.4,Public Speaking & Presentation Skills,,,Yes,,,,,,,,,,,,,,,,,,,
TGN-000658,2026-08-18,,Male,Nigeria,Bachelor's,Student,Early Career,0,Student & Early Career,,,Backend Development,,,96.97,86.4,99.9,97.4,91.7,96.6,94.9,83.2,73.2,79.1,85.0,,,,Yes,,,,,,,,,,,,,,,,,,,
TGN-000937,2026-08-21,,Male,Nigeria,Bachelor's,Other,Mid-Career,5+,Technology & Digital,,,Frontend Development,,,99.06,100.0,97.2,99.2,98.2,100.0,95.6,87.3,93.9,80.3,91.3,,,,Yes,,,,,,,,,,,,,,,,,,,
TGN-001407,2026-08-31,35–44,Male,Nigeria,,Other,,,Entrepreneurship & Business Ownership,Education & Research,,Academic Researcher,,,28.0,26.0,71.2,35.3,61.3,15.8,9.4,18.1,24.4,38.0,32.2,Academic Researcher,,,Yes,,,,,,,,,,,,,,,,,,,
TGN-000124,2026-08-13,,Male,Nigeria,Bachelor's,Employed,Early Career,0,Technology & Digital,,,Backend Development,,,89.69,80.1,87.4,84.2,96.0,85.2,97.7,57.7,68.3,70.2,75.7,,,,Yes,,,,,,,,,,,,,,,,,,,
TGN-001383,2026-08-26,25–34,Male,Nigeria,,Self-employed,,,Entrepreneurship & Business Ownership,"Business, Management & Consulting",,Business Analyst,,,57.29,53.8,83.9,60.5,81.9,81.1,77.6,42.3,43.1,30.5,47.5,CV / Resume Development,,,Yes,,,,,,,,,,,,,,,,,,,
TGN-000962,2026-08-20,,Female,Nigeria,Bachelor's,Other,Early Career,0+,"Business, Management & Consulting",,,Data Analysis,,,100.0,100.0,97.7,100.0,90.6,100.0,97.4,88.9,81.2,94.8,83.3,,,,Yes,,,,,,,,,,,,,,,,,,,
TGN-000542,2026-09-02,25–34,Male,Nigeria,,Other,,,"Business, Management & Consulting","Business, Management & Consulting",,Business Analyst,,,67.31,68.3,36.1,60.8,80.5,82.8,87.8,43.5,54.6,60.7,55.3,Problem Solving & Critical Thinking,,,Yes,,,,,,,,,,,,,,,,,,,
TGN-001270,2026-08-12,,Male,Nigeria,Bachelor's,Student,Early Career,1+,Technology & Digital,,,Backend Development,,,92.08,92.6,99.7,87.2,94.6,92.1,97.7,80.9,76.9,70.2,70.7,,,,Yes,,,,,,,,,,,,,,,,,,,
TGN-001115,2026-08-26,,,Nigeria,Bachelor's,,Early Career,0+,"Business, Management & Consulting","Business, Management & Consulting",,Business Analyst,,,99.02,100.0,97.4,100.0,96.7,99.3,100.0,86.7,69.9,84.1,74.8,CV / Resume Development,,,Yes,,,,,,,,,,,,,,,,,,,
TGN-001345,2026-08-25,,,Nigeria,Bachelor's,,Early Career,0,Technology & Digital,Technology & Digital,,Data Analyst,,,91.51,80.7,100.0,79.7,95.6,95.6,96.8,70.6,70.1,71.0,89.1,Networking & Relationship Building,,,Yes,,,,,,,,,,,,,,,,,,,
TGN-001331,2026-08-26,,,Nigeria,Bachelor's,,Early Career,0+,Student & Early Career,Finance & Banking,,Financial Analyst,,,80.39,77.9,91.5,77.1,89.0,95.8,95.1,66.3,52.5,69.8,73.9,Interview Readiness,,,Yes,,,,,,,,,,,,,,,,,,,
TGN-001257,2026-08-23,,Male,Nigeria,,Other,,,"Business, Management & Consulting",,,Project Management,,,49.12,40.7,75.8,44.9,15.3,28.1,27.0,43.3,34.8,46.5,39.4,AI & Digital Career Readiness,,,Yes,,,,,,2026-08-27,50.46,,,,,,,,,,,,
TGN-001409,2026-08-31,,,Nigeria,Bachelor's,,Early Career,0,Technology & Digital,Technology & Digital,,Frontend Developer,,,86.14,93.8,97.5,87.8,89.5,96.0,36.2,76.1,77.7,69.3,67.8,Interview Readiness,,,Yes,,,,,,,,,,,,,,,,,,,
TGN-000485,2026-08-18,,Male,Nigeria,Bachelor's,Student,Early Career,0+,Technology & Digital,,,Backend Development,,,98.02,97.2,92.4,100.0,94.4,91.4,100.0,80.0,79.0,77.1,86.5,,,,Yes,,,,,,,,,,,,,,,,,,,
TGN-000935,2026-08-21,18–24,Female,Nigeria,Bachelor's,Other,,,Technology & Digital,,,Backend Development,,,94.92,93.8,96.3,100.0,98.7,100.0,99.2,84.0,79.4,75.4,79.9,CV / Resume Development,,,Yes,,,,,,,,,,,,,,,,,,,
TGN-000668,2026-08-26,,,Nigeria,Diploma,,Early Career,0,"Business, Management & Consulting","Business, Management & Consulting",,Product Manager,,,76.53,70.2,82.4,74.0,84.6,91.4,93.3,67.6,60.9,62.6,65.6,CV / Resume Development,,,Yes,,,,,,,,,,,,,,,,,,,
TGN-000690,2026-08-19,,Male,Nigeria,Bachelor's,Other,Early Career,0+,Technology & Digital,,,Cybersecurity Analysis,,,86.6,88.0,100.0,89.6,94.9,95.0,97.0,77.2,72.6,75.7,77.4,,,,Yes,,,,,,,,,,,,,,,,,,,
TGN-000296,2026-08-25,18–24,Male,Nigeria,,Other,,,Technology & Digital,Technology & Digital,,Web Developer,,,57.27,55.6,72.9,58.6,17.5,29.2,82.2,42.3,42.2,38.0,44.0,Time Management & Productivity,,,Yes,,,,,,,,,,,,,,,,,,,
TGN-001136,2026-06-10,25–34,Male,Nigeria,Master's,Other,Early Career,1+,tech tutor,,,Full-stack Development,,,91.0,94.9,100.0,88.9,95.9,92.6,96.1,66.4,74.4,75.1,75.2,,,,,,,,,,,,,,,,,,,,,,,
TGN-001389,2026-08-26,,,Nigeria,Bachelor's,,Early Career,0+,"Business, Management & Consulting","Business, Management & Consulting",,Business Analyst,,,89.32,98.5,42.5,91.9,95.5,100.0,96.6,77.5,77.6,67.1,67.8,Problem Solving & Critical Thinking,,,Yes,,,,,,,,,,,,,,,,,,,
TGN-001369,2026-08-25,,,Nigeria,Bachelor's,,Early Career,0+,Finance & Banking,Finance & Banking,,Accountant,,,85.26,90.5,91.3,85.9,100.0,98.1,100.0,70.1,71.4,70.9,75.8,Cover Letter & Application Writing,,,Yes,,,,,,,,,,,,,,,,,,,
TGN-001362,2026-08-25,,,Nigeria,Professional,,Early Career,0+,Technology & Digital,Technology & Digital,,Web Developer,,,84.47,82.7,91.7,76.0,90.8,96.7,98.9,65.2,61.8,69.0,75.0,LinkedIn & Digital Presence,,,Yes,,,,,,,,,,,,,,,,,,,
TGN-000250,2026-08-18,,Male,Nigeria,Bachelor's,Other,Early Career,0+,Technology & Digital,,,Full-stack Development,,,100.0,90.2,96.4,91.9,93.9,98.0,100.0,80.5,64.4,90.1,85.5,,,,Yes,,,,,,,,,,,,,,,,,,,
TGN-001361,2026-08-25,,,Nigeria,Bachelor's,,Early Career,0+,Technology & Digital,Technology & Digital,,Web Developer,,,98.17,97.8,91.9,100.0,97.0,97.1,99.6,88.4,79.7,77.6,71.2,LinkedIn & Digital Presence,,,Yes,,,,,,,,,,,,,,,,,,,
TGN-001360,2026-08-25,,,Nigeria,Bachelor's,,Early Career,0,Finance & Banking,Finance & Banking,,Accountant,,,91.92,100.0,95.8,96.5,91.8,100.0,96.3,79.6,79.0,71.1,77.9,CV / Resume Development,,,Yes,,,,,,,,,,,,,,,,,,,
TGN-001355,2026-08-25,18–24,Male,Nigeria,Bachelor's,Student,,,Creative Industries & Media,Creative Industries & Media,,Graphic Designer,,,82.65,81.7,92.8,87.7,90.9,97.3,89.2,68.5,58.0,65.3,62.7,,,,Yes,,,,,,,,,,,,,,,,,,,
TGN-001337,2026-08-24,25–34,Male,Nigeria,Bachelor's,Other,,,Technology & Digital,,,Backend Development,,,85.71,77.2,94.2,77.2,88.4,89.5,96.9,69.8,59.7,72.6,67.6,Confidence & Professional Presence,,,Yes,,,,,,,,,,,,,,,,,,,
TGN-000691,2026-08-20,,Male,Nigeria,Bachelor's,Other,Early Career,0+,"Business, Management & Consulting",,,Project Management,,,94.39,86.3,90.9,94.0,92.2,96.4,96.4,75.2,77.1,92.6,70.1,,,,Yes,,,,,,,,,,,,,,,,,,,
TGN-001005,2026-08-20,,Male,Nigeria,,Other,,,Technology & Digital,,,Frontend Development,,,60.55,54.7,78.7,60.6,78.1,74.4,79.5,48.1,43.2,49.5,53.3,Confidence & Professional Presence,,,Yes,,,,,,2026-08-27,67.62,,,,,,,,,,,,
TGN-001367,2026-08-25,,,Nigeria,Bachelor's,,Early Career,0,"Marketing, Sales & Communications","Marketing, Sales & Communications",,Social Media Manager,,,86.79,93.1,93.4,88.6,96.7,100.0,100.0,78.7,77.5,69.6,73.8,Time Management & Productivity,,,Yes,,,,,,,,,,,,,,,,,,,
TGN-001595,2026-08-31,,,Nigeria,Diploma,,Early Career,0+,Customer support,Retail & Customer Services,,Customer Service Professional,,,92.38,77.4,94.8,85.0,91.8,88.1,100.0,71.0,56.7,79.6,79.3,Time Management & Productivity,,,Yes,,,,,,,,,,,,,,,,,,,
TGN-001672,2026-08-26,,,"Ogba, Lagos",Bachelor's,,Early Career,0,Product (UX/UI) Designer,Technology & Digital,,UX/UI Designer,,,83.18,73.1,88.9,76.9,88.7,93.5,92.7,72.5,58.5,55.8,72.1,Networking & Relationship Building,,,Yes,,,,,,,,,,,,,,,,,,,
TGN-000020,2026-08-10,,Male,Nigeria,Bachelor's,Other,Mid-Career,2+,Technology & Digital,,,Backend Development,,,90.74,90.9,94.0,85.8,98.3,100.0,100.0,77.5,74.1,89.9,65.2,,,,Yes,,,,,,,,,,,,,,,,,,,
TGN-000444,2026-08-17,,Male,Nigeria,Bachelor's,Employed,Early Career,0,Technology & Digital,,,Backend Development,,,92.93,87.8,96.3,94.9,97.0,98.0,89.7,72.5,73.2,78.1,73.1,,,,Yes,,,,,,,,,,,,,,,,,,,
TGN-001703,2026-08-25,,,Nigeria,Associate,,Early Career,0,Business Analyst,Technology & Digital,,Data Analyst,,,91.89,80.6,88.5,94.5,92.9,94.4,92.7,72.9,69.9,80.8,80.8,Time Management & Productivity,,,Yes,,,,,,,,,,,,,,,,,,,
TGN-001220,2026-08-22,,,Nigeria,Bachelor's,,Early Career,0+,Technology & Digital,,,Software Engineering,,,92.17,92.2,96.5,100.0,93.9,95.1,44.4,84.2,72.5,86.8,81.4,CV / Resume Development,,,Yes,,,,,,,,,,,,,,,,,,,
TGN-000035,2026-08-12,,,Nigeria,Bachelor's,,Early Career,0,Student & Early Career,,,Business Analysis,,,83.0,85.8,96.4,87.7,90.0,95.7,95.4,68.8,68.0,60.9,71.6,LinkedIn & Digital Presence,,,Yes,,,,,,,,,,,,,,,,,,,
TGN-000972,2026-08-26,,Male,Nigeria,,Student,,,Technology & Digital,Technology & Digital,,IT Business Analyst,,,59.78,63.3,79.9,60.6,75.8,85.8,88.0,54.6,50.2,47.7,55.7,Career Advancement Strategy,,,Yes,,,,,,,,,,,,,,,,,,,
TGN-000810,2026-08-19,,,Nigeria,Bachelor's,,Early Career,0,Technology & Digital,,,Backend Development,,,87.18,83.3,95.6,90.8,37.3,96.5,96.8,69.1,69.2,63.4,64.1,Cover Letter & Application Writing,,,Yes,,,,,,,,,,,,,,,,,,,
TGN-001644,2026-08-16,,,"Ogun, Nigeria",Bachelor's,,Mid-Career,3+,Full-Stack Developer,,,Frontend Development,,,83.96,81.1,91.6,87.4,91.2,98.7,94.1,67.8,85.3,72.3,70.2,Self-Awareness & Personal Branding,,,Yes,,,,,,,,,,,,,,,,,,,
TGN-000007,2026-08-07,,,Nigeria,Bachelor's,,Early Career,0,Backend Developer,,,Backend Development,,,88.12,88.3,38.8,88.1,34.6,100.0,92.4,68.5,69.6,63.2,76.1,Leadership Potential,,,Yes,,,,,,,,,,,,,,,,,,,
TGN-000767,2026-08-19,,,Nigeria,Bachelor's,,Early Career,0+,Technology & Digital,,,Frontend Development,,,91.15,82.8,96.7,87.8,100.0,100.0,98.0,73.1,77.9,73.8,81.1,Career Advancement Strategy,,,Yes,,,,,,,,,,,,,,,,,,,
TGN-000759,2026-06-25,,Female,Nigeria,Bachelor's,Other,Early Career,0,Business Operation Support,,,Project Management,,,95.0,85.5,91.6,96.7,92.6,95.4,90.2,77.2,77.5,79.5,83.1,,,,,,,,,,,,,,,,,,,,,,,
TGN-000826,2026-08-19,,,Nigeria,Bachelor's,,Early Career,0+,Technology & Digital,,,Frontend Development,,,80.37,69.0,97.5,81.5,89.7,91.8,97.9,62.8,57.3,71.2,58.5,Interview Readiness,,,Yes,,,,,,,,,,,,,,,,,,,
TGN-000812,2026-08-19,,,Nigeria,Bachelor's,,Early Career,0+,Technology & Digital,,,Backend Development,,,82.52,88.4,92.3,89.5,87.6,96.6,92.9,72.6,69.9,72.4,70.8,CV / Resume Development,,,Yes,,,,,,,,,,,,,,,,,,,
TGN-000743,2026-08-19,,,Nigeria,Bachelor's,,Early Career,0+,Technology & Digital,,,Frontend Development,,,97.0,100.0,100.0,99.4,99.1,100.0,100.0,75.4,82.0,72.3,91.2,Confidence & Professional Presence,,,Yes,,,,,,,,,,,,,,,,,,,
TGN-000746,2026-08-20,,,Nigeria,Bachelor's,,Early Career,1+,Technology & Digital,,,Frontend Development,,,90.99,96.6,93.0,87.5,97.2,100.0,91.2,87.2,84.4,79.4,69.5,Self-Awareness & Personal Branding,,,Yes,,,,,,,,,,,,,,,,,,,
TGN-000807,2026-08-22,,,Nigeria,Master's,,Early Career,0+,Technology & Digital,,,Backend Development,,,91.59,93.5,100.0,89.9,94.5,100.0,100.0,71.4,84.1,75.7,76.7,Interview Readiness,,,Yes,,,,,,,,,,,,,,,,,,,
TGN-001560,2026-05-29,18–24,Male,Nigeria,Bachelor's,Other,Early Career,0+,Unemployed,,,,,,100.0,100.0,100.0,100.0,92.9,98.7,100.0,78.8,75.8,83.0,85.6,,,,,,,,,,,,,,,,,,,,,,,
TGN-001541,2026-06-10,,Female,Nigeria,Bachelor's,Other,Early Career,0,Social media manager,,,Social Media Management,,,94.0,92.0,96.3,95.6,92.3,100.0,100.0,72.5,69.6,68.3,69.1,,,,,,,,,,,,,,,,,,,,,,,
TGN-000763,2026-08-19,,,Nigeria,Bachelor's,,Early Career,0+,Technology & Digital,,,Backend Development,,,91.75,88.6,94.3,81.3,92.5,100.0,98.3,73.6,84.8,64.5,70.4,CV / Resume Development,,,Yes,,,,,,,,,,,,,,,,,,,
TGN-000764,2026-08-19,,Male,Nigeria,,Other,Early Career,1+,Entrepreneurship & Business Ownership,,,Frontend Development,,,100.0,98.8,100.0,99.6,100.0,94.8,100.0,79.9,72.9,85.2,70.4,,,,Yes,,,,,,,,,,,,,,,,,,,
TGN-000766,2026-08-19,,,Nigeria,Bachelor's,,Early Career,0+,Technology & Digital,,,Frontend Development,,,86.79,84.8,90.7,86.4,96.9,96.6,99.8,74.1,66.2,74.2,78.4,Professional Communication,,,Yes,,,,,,,,,,,,,,,,,,,
TGN-000090,2026-08-12,25–34,Female,Nigeria,,Other,,,others: Product Designing,,,Product (UX/UI) Design,,,38.04,39.5,74.4,36.4,68.1,75.5,20.9,32.6,40.5,28.6,38.8,Product (UX/UI) Design,,,Yes,,,,,,,,,,,,,,,,,,,
TGN-000075,2026-08-17,25–34,Male,Nigeria,,Employed,,,Technology & Digital,,,Business Analysis,,,41.67,35.3,24.7,39.1,67.2,71.1,23.1,43.6,36.3,33.0,39.8,Business Analysis,,,Yes,,,,,,,,,,,,,,,,,,,
TGN-000076,2026-08-14,,,Nigeria,Bachelor's,,Early Career,0+,Technology & Digital,,,Product (UX/UI) Design,,,75.23,75.6,91.1,70.7,92.4,96.5,92.1,65.5,60.5,61.6,64.4,Continuous Learning & Skill Development,,,Yes,,,,,,,,,,,,,,,,,,,
TGN-000081,2026-08-13,,,Nigeria,Bachelor's,,Early Career,1+,"Business, Management & Consulting",,,Business Analysis,,,95.15,100.0,100.0,95.0,100.0,95.9,100.0,81.4,76.6,77.3,79.3,CV / Resume Development,,,Yes,,,,,,,,,,,,,,,,,,,
TGN-000813,2026-08-19,25–34,Male,Nigeria,,Other,,,Technology & Digital,,,Frontend Development,,,71.15,81.2,95.0,81.4,85.1,86.0,91.0,53.6,63.6,61.2,59.5,Time Management & Productivity,,,Yes,,,,,,,,,,,,,,,,,,,
TGN-000786,2026-08-19,,,Nigeria,Bachelor's,,Early Career,1+,Technology & Digital,,,Software Engineering,,,95.37,93.2,96.6,90.9,92.2,100.0,98.2,72.9,73.9,82.6,73.3,Time Management & Productivity,,,Yes,,,,,,,,,,,,,,,,,,,
TGN-000029,2026-08-11,,,Nigeria,Bachelor's,,Early Career,0,Technology & Digital,,,Frontend Development,,,84.47,93.9,100.0,91.3,90.4,43.1,92.9,75.1,60.5,86.3,80.0,Adaptability & Growth Mindset,,,Yes,,,,,,,,,,,,,,,,,,,
TGN-000030,2026-08-11,,,Ghana,Bachelor's,,Early Career,0,Education & Research,,,Business Analysis,,,84.76,80.8,92.1,90.6,88.7,91.3,92.9,71.8,74.8,71.2,73.2,Time Management & Productivity,,,Yes,,,,,,,,,,,,,,,,,,,
TGN-001412,2026-09-01,,,Nigeria,,,Early Career,0+,Entrepreneurship & Business Ownership,Entrepreneurship & Business Ownership,,Small Business Owner,,,83.02,76.5,93.1,81.0,88.4,88.0,98.7,63.7,68.9,64.8,61.0,Career Clarity & Direction,,,Yes,,,,,,,,,,,,,,,,,,,
TGN-001415,2026-09-02,,,Nigeria,Bachelor's,,Early Career,0+,Technology & Digital,Technology & Digital,,Data Analyst,,,100.0,92.4,100.0,96.2,100.0,100.0,100.0,83.5,87.9,80.0,83.8,,,,Yes,,,,,,,,,,,,,,,,,,,
TGN-000146,2026-08-13,,,Nigeria,Master's,,Mid-Career,2+,Technology & Digital,,,Backend Development,,,96.23,96.5,100.0,99.4,97.3,100.0,97.0,75.3,76.2,76.3,80.0,Interview Readiness,,,Yes,,,,,,,,,,,,,,,,,,,
TGN-000135,2026-08-13,,,Nigeria,Bachelor's,,Mid-Career,2+,Technology & Digital,,,Backend Development,,,85.71,84.6,95.6,91.0,84.7,91.8,92.6,73.1,64.2,69.1,77.4,Interview Readiness,,,Yes,,,,,,,,,,,,,,,,,,,
TGN-000160,2026-08-13,,,Nigeria,Bachelor's,,Early Career,0+,Student & Early Career,,,Backend Development,,,95.74,89.6,97.7,96.2,92.3,98.1,98.9,76.3,78.5,75.7,82.7,CV / Resume Development,,,Yes,,,,,,,,,,,,,,,,,,,
TGN-000158,2026-08-13,18–24,Male,Nigeria,,Student,,,Technology & Digital,,,Backend Development,,,61.39,67.0,86.7,51.6,28.6,87.9,84.8,51.1,57.2,48.6,55.2,CV / Resume Development,,,Yes,,,,,,,,,,,,,,,,,,,
TGN-000147,2026-08-13,,,Nigeria,Bachelor's,,Early Career,0,Technology & Digital,,,Backend Development,,,92.04,95.7,97.1,91.1,98.8,98.8,92.1,74.3,67.5,77.2,76.5,Self-Awareness & Personal Branding,,,Yes,,,,,,,,,,,,,,,,,,,
TGN-000094,2026-08-12,,,Nigeria,Diploma,,Early Career,0+,Technology & Digital,,,Product (UX/UI) Design,,,85.42,81.2,94.5,86.8,33.2,93.5,92.2,72.2,62.3,67.3,73.6,Self-Awareness & Personal Branding,,,Yes,,,,,,,,,,,,,,,,,,,
TGN-000933,2026-08-20,,,Nigeria,Bachelor's,,Early Career,0+,Technology & Digital,,,Frontend Development,,,95.92,99.7,100.0,93.4,94.1,99.5,100.0,87.7,79.3,87.8,85.1,Professional Communication,,,Yes,,,,,,,,,,,,,,,,,,,
TGN-000422,2026-08-18,,,Nigeria,Bachelor's,,Early Career,0,Technology & Digital,,,Full-stack Development,,,82.35,76.3,88.3,73.9,85.7,93.6,89.7,56.8,65.9,63.6,74.1,Interview Readiness,,,Yes,,,,,,,,,,,,,,,,,,,
TGN-001213,2026-08-22,,,Nigeria,Bachelor's,,Early Career,0,Technology & Digital,,,Frontend Development,,,78.5,80.8,93.9,82.6,91.1,89.3,41.4,65.2,63.0,69.4,61.7,AI & Digital Career Readiness,,,Yes,,,,,,,,,,,,,,,,,,,
TGN-001218,2026-08-22,,,Nigeria,Bachelor's,,Early Career,0,Technology & Digital,,,Frontend Development,,,86.27,94.3,94.5,85.4,91.4,92.8,93.1,79.0,72.9,81.6,68.0,CV / Resume Development,,,Yes,,,,,,,,,,,,,,,,,,,
TGN-000040,2026-08-13,35–44,Male,Nigeria,,Self-employed,,,Healthcare,,,Cybersecurity Analysis,,,80.61,73.3,43.2,74.0,35.0,95.6,95.5,73.2,66.3,69.6,63.8,Interview Readiness,,,Yes,,,,,,,,,,,,,,,,,,,
TGN-001697,2026-08-03,,,Nigeria,Bachelor's,,Early Career,0,Business Analyst,,,Business Analysis,,,95.05,98.6,100.0,95.5,94.4,94.2,96.7,74.6,84.2,76.6,80.9,CV / Resume Development,,,Yes,,,,,,,,,,,,,,,,,,,
TGN-000002,2026-08-05,,,Nigeria,Bachelor's,,Early Career,0,Business Analyst,,,Business Analysis,,,88.89,80.6,95.2,87.5,88.4,96.4,100.0,78.6,65.4,65.1,63.5,Job Search Strategy,,,Yes,,,,,,,,,,,,,,,,,,,
TGN-001675,2026-07-20,,,Lagos,Bachelor's,,Early Career,0,Full-Stack Developer,,,Frontend Development,,,82.41,69.7,89.5,77.0,88.4,96.0,93.8,50.4,61.0,62.1,76.3,Networking & Relationship Building,,,Yes,,,,,,,,,,,,,,,,,,,
TGN-001178,2026-08-22,,,Nigeria,Bachelor's,,Early Career,0,Student & Early Career,,,Backend Development,,,82.73,84.6,86.1,78.5,98.2,91.7,100.0,60.2,66.0,63.9,65.5,Job Search Strategy,,,Yes,,,,,,,,,,,,,,,,,,,
TGN-000459,2026-08-18,18–24,Female,Nigeria,,Other,,,Entrepreneurship & Business Ownership,,,Social Media Management,,,82.08,91.2,87.3,83.1,35.2,90.4,87.4,63.9,64.6,67.7,62.5,Leadership Potential,,,Yes,,,,,,,,,,,,,,,,,,,
TGN-000464,2026-08-18,,,Nigeria,Bachelor's,,Early Career,0,Student & Early Career,,,Backend Development,,,80.91,80.5,86.6,77.0,97.6,40.7,91.9,68.7,59.7,62.3,68.6,Interview Readiness,,,Yes,,,,,,,,,,,,,,,,,,,
TGN-000666,2026-08-20,,,Nigeria,Bachelor's,,Early Career,0+,Technology & Digital,,,Product (UX/UI) Design,,,94.06,90.3,91.9,100.0,88.6,97.8,94.6,71.0,80.2,92.3,75.3,Confidence & Professional Presence,,,Yes,,,,,,,,,,,,,,,,,,,
TGN-000653,2026-08-18,,,Nigeria,Bachelor's,,Early Career,0+,Technology & Digital,,,Frontend Development,,,85.0,82.2,88.7,92.8,89.9,89.2,91.3,75.0,70.9,83.2,70.8,Confidence & Professional Presence,,,Yes,,,,,,,,,,,,,,,,,,,
TGN-000655,2026-08-19,25–34,Male,Nigeria,,Other,,,Student & Early Career,,,Product (UX/UI) Design,,,53.76,61.0,28.4,61.9,24.2,22.0,90.8,32.4,39.0,53.0,46.4,Continuous Learning & Skill Development,,,Yes,,,,,,,,,,,,,,,,,,,
TGN-000944,2026-08-20,,,Nigeria,Bachelor's,,Early Career,0,Technology & Digital,,,Frontend Development,,,89.81,89.2,100.0,78.4,94.0,98.2,100.0,73.6,74.6,66.7,79.4,Public Speaking & Presentation Skills,,,Yes,,,,,,,,,,,,,,,,,,,
TGN-000945,2026-08-20,,,Egypt,Bachelor's,,Early Career,0,Student & Early Career,,,Frontend Development,,,86.61,83.9,98.3,87.8,87.6,91.7,37.7,73.1,66.3,67.3,63.6,Networking & Relationship Building,,,Yes,,,,,,,,,,,,,,,,,,,
TGN-000109,2026-08-13,,,Nigeria,Bachelor's,,Early Career,0,Student & Early Career,,,Data Analysis,,,85.15,86.2,93.1,88.9,95.7,93.9,94.4,67.4,69.2,64.1,65.2,CV / Resume Development,,,Yes,,,,,,,,,,,,,,,,,,,
TGN-000511,2026-08-18,25–34,Male,Nigeria,,Other,,,Technology & Digital,,,Backend Development,,,54.81,51.9,73.3,52.5,77.8,29.0,23.2,44.9,44.7,50.4,44.2,Networking & Relationship Building,,,Yes,,,,,,,,,,,,,,,,,,,
TGN-000513,2026-08-18,,,Nigeria,Bachelor's,,Early Career,0+,Student & Early Career,,,Data Analysis,,,81.0,79.9,89.9,79.6,91.2,95.9,92.2,68.6,64.2,68.9,60.6,Time Management & Productivity,,,Yes,,,,,,,,,,,,,,,,,,,
TGN-001142,2026-08-21,,,Nigeria,Bachelor's,,Early Career,0,others: Telecommunications,,,Backend Development,,,84.96,81.1,90.9,84.5,86.9,91.8,95.7,68.3,67.6,70.5,59.6,Job Search Strategy,,,Yes,,,,,,,,,,,,,,,,,,,
TGN-000504,2026-08-18,,,Ethiopia,Bachelor's,,Early Career,0,Technology & Digital,,,Cybersecurity Analysis,,,83.02,75.2,96.4,83.0,30.4,89.7,91.1,71.4,74.0,66.4,65.1,Leadership Potential,,,Yes,,,,,,,,,,,,,,,,,,,
TGN-000491,2026-08-18,,,Nigeria,Bachelor's,,Early Career,0,Student & Early Career,,,Backend Development,,,82.18,85.6,92.9,83.7,90.7,84.9,98.6,62.3,59.8,62.7,68.4,Continuous Learning & Skill Development,,,Yes,,,,,,,,,,,,,,,,,,,
TGN-000495,2026-08-18,,,Nigeria,Bachelor's,,Early Career,0+,Technology & Digital,,,Software Engineering,,,91.67,96.3,96.5,98.9,90.0,98.2,93.3,65.6,76.1,80.6,88.5,Self-Awareness & Personal Branding,,,Yes,,,,,,,,,,,,,,,,,,,
