experiment_id,domain,privacy_mode,epsilon_budget,seed,final_auroc,epsilon_spent,mia_auc,mia_advantage,mia_attack_accuracy
P2-E5,clinical-sim,no-dp,0,20260000,0.821075,0,0.544932,0.089864,0.555
P2-E5,clinical-sim,static-dp,1,20260000,0.805542,1.033895,0.508604,0.017208,0.525
P2-E5,clinical-sim,static-dp,3,20260000,0.820464,3.008339,0.52634,0.05268,0.54
P2-E5,clinical-sim,static-dp,6,20260000,0.824012,5.993563,0.534048,0.068096,0.554
P2-E5,clinical-sim,static-dp,10,20260000,0.824846,9.995506,0.536948,0.073896,0.553
P2-E5,clinical-sim,no-dp,0,20260101,0.7863,0,0.524672,0.049344,0.53
P2-E5,clinical-sim,static-dp,1,20260101,0.781683,1.033895,0.516848,0.033696,0.527
P2-E5,clinical-sim,static-dp,3,20260101,0.794252,3.008339,0.516056,0.032112,0.531
P2-E5,clinical-sim,static-dp,6,20260101,0.795938,5.993563,0.5167,0.0334,0.523
P2-E5,clinical-sim,static-dp,10,20260101,0.795955,9.995506,0.517264,0.034528,0.521
P2-E5,clinical-sim,no-dp,0,20260202,0.810367,0,0.499768,-0.000464,0.52
P2-E5,clinical-sim,static-dp,1,20260202,0.789325,1.033895,0.514808,0.029616,0.532
P2-E5,clinical-sim,static-dp,3,20260202,0.802587,3.008339,0.510156,0.020312,0.528
P2-E5,clinical-sim,static-dp,6,20260202,0.805179,5.993563,0.508784,0.017568,0.528
P2-E5,clinical-sim,static-dp,10,20260202,0.806152,9.995506,0.508472,0.016944,0.527
P2-E5,clinical-sim,no-dp,0,20260303,0.79908,0,0.523848,0.047696,0.529
P2-E5,clinical-sim,static-dp,1,20260303,0.757013,1.033895,0.49432,-0.01136,0.51
P2-E5,clinical-sim,static-dp,3,20260303,0.810659,3.008339,0.508068,0.016136,0.516
P2-E5,clinical-sim,static-dp,6,20260303,0.81121,5.993563,0.510732,0.021464,0.517
P2-E5,clinical-sim,static-dp,10,20260303,0.810335,9.995506,0.511732,0.023464,0.518
P2-E5,clinical-sim,no-dp,0,20260404,0.75587,0,0.57328,0.14656,0.57
P2-E5,clinical-sim,static-dp,1,20260404,0.521264,1.033895,0.604756,0.209512,0.591
P2-E5,clinical-sim,static-dp,3,20260404,0.678376,3.008339,0.59166,0.18332,0.578
P2-E5,clinical-sim,static-dp,6,20260404,0.717777,5.993563,0.584864,0.169728,0.577
P2-E5,clinical-sim,static-dp,10,20260404,0.73195,9.995506,0.581432,0.162864,0.574
P2-E5,clinical-sim,no-dp,0,20260505,0.815793,0,0.517396,0.034792,0.525
P2-E5,clinical-sim,static-dp,1,20260505,0.810041,1.033895,0.503848,0.007696,0.518
P2-E5,clinical-sim,static-dp,3,20260505,0.816231,3.008339,0.508344,0.016688,0.521
P2-E5,clinical-sim,static-dp,6,20260505,0.816712,5.993563,0.508552,0.017104,0.52
P2-E5,clinical-sim,static-dp,10,20260505,0.816448,9.995506,0.508316,0.016632,0.521
P2-E5,clinical-sim,no-dp,0,20260606,0.775435,0,0.552108,0.104216,0.545
P2-E5,clinical-sim,static-dp,1,20260606,0.765663,1.033895,0.527828,0.055656,0.53
P2-E5,clinical-sim,static-dp,3,20260606,0.782623,3.008339,0.531292,0.062584,0.529
P2-E5,clinical-sim,static-dp,6,20260606,0.786191,5.993563,0.533668,0.067336,0.529
P2-E5,clinical-sim,static-dp,10,20260606,0.786841,9.995506,0.535036,0.070072,0.531
P2-E5,clinical-sim,no-dp,0,20260707,0.817994,0,0.527228,0.054456,0.533
P2-E5,clinical-sim,static-dp,1,20260707,0.787215,1.033895,0.539644,0.079288,0.536
P2-E5,clinical-sim,static-dp,3,20260707,0.808914,3.008339,0.541372,0.082744,0.542
P2-E5,clinical-sim,static-dp,6,20260707,0.813163,5.993563,0.540276,0.080552,0.542
P2-E5,clinical-sim,static-dp,10,20260707,0.814071,9.995506,0.538944,0.077888,0.54
P2-E5,clinical-sim,no-dp,0,20260808,0.803279,0,0.4822,-0.0356,0.51
P2-E5,clinical-sim,static-dp,1,20260808,0.806118,1.033895,0.479188,-0.041624,0.506
P2-E5,clinical-sim,static-dp,3,20260808,0.807143,3.008339,0.481848,-0.036304,0.512
P2-E5,clinical-sim,static-dp,6,20260808,0.806388,5.993563,0.48288,-0.03424,0.509
P2-E5,clinical-sim,static-dp,10,20260808,0.805736,9.995506,0.4837,-0.0326,0.509
P2-E5,clinical-sim,no-dp,0,20260909,0.773178,0,0.63098,0.26196,0.611
P2-E5,clinical-sim,static-dp,1,20260909,0.675488,1.033895,0.577996,0.155992,0.588
P2-E5,clinical-sim,static-dp,3,20260909,0.722523,3.008339,0.607584,0.215168,0.608
P2-E5,clinical-sim,static-dp,6,20260909,0.728663,5.993563,0.61652,0.23304,0.612
P2-E5,clinical-sim,static-dp,10,20260909,0.731214,9.995506,0.62018,0.24036,0.612
P2-E5,clinical-sim,no-dp,0,20261010,0.79857,0,0.478208,-0.043584,0.505
P2-E5,clinical-sim,static-dp,1,20261010,0.721979,1.033895,0.464868,-0.070264,0.503
P2-E5,clinical-sim,static-dp,3,20261010,0.799259,3.008339,0.467144,-0.065712,0.504
P2-E5,clinical-sim,static-dp,6,20261010,0.802152,5.993563,0.46918,-0.06164,0.505
P2-E5,clinical-sim,static-dp,10,20261010,0.802564,9.995506,0.470036,-0.059928,0.505
P2-E5,clinical-sim,no-dp,0,20261111,0.784578,0,0.518852,0.037704,0.524
P2-E5,clinical-sim,static-dp,1,20261111,0.765213,1.033895,0.521828,0.043656,0.524
P2-E5,clinical-sim,static-dp,3,20261111,0.798489,3.008339,0.521456,0.042912,0.533
P2-E5,clinical-sim,static-dp,6,20261111,0.801286,5.993563,0.521324,0.042648,0.535
P2-E5,clinical-sim,static-dp,10,20261111,0.802383,9.995506,0.521216,0.042432,0.534
P2-E5,clinical-sim,no-dp,0,20261212,0.822766,0,0.518536,0.037072,0.531
P2-E5,clinical-sim,static-dp,1,20261212,0.798938,1.033895,0.501056,0.002112,0.513
P2-E5,clinical-sim,static-dp,3,20261212,0.816442,3.008339,0.513816,0.027632,0.524
P2-E5,clinical-sim,static-dp,6,20261212,0.819713,5.993563,0.51812,0.03624,0.529
P2-E5,clinical-sim,static-dp,10,20261212,0.820689,9.995506,0.519644,0.039288,0.528
P2-E5,clinical-sim,no-dp,0,20261313,0.817373,0,0.521076,0.042152,0.525
P2-E5,clinical-sim,static-dp,1,20261313,0.81285,1.033895,0.502316,0.004632,0.524
P2-E5,clinical-sim,static-dp,3,20261313,0.82334,3.008339,0.506188,0.012376,0.524
P2-E5,clinical-sim,static-dp,6,20261313,0.823664,5.993563,0.509508,0.019016,0.521
P2-E5,clinical-sim,static-dp,10,20261313,0.823306,9.995506,0.510364,0.020728,0.525
P2-E5,clinical-sim,no-dp,0,20261414,0.770017,0,0.563508,0.127016,0.563
P2-E5,clinical-sim,static-dp,1,20261414,0.77034,1.033895,0.566448,0.132896,0.558
P2-E5,clinical-sim,static-dp,3,20261414,0.779141,3.008339,0.562448,0.124896,0.561
P2-E5,clinical-sim,static-dp,6,20261414,0.780853,5.993563,0.559572,0.119144,0.559
P2-E5,clinical-sim,static-dp,10,20261414,0.781134,9.995506,0.55848,0.11696,0.555
P2-E5,clinical-sim,no-dp,0,20261515,0.821934,0,0.518292,0.036584,0.526
P2-E5,clinical-sim,static-dp,1,20261515,0.795805,1.033895,0.540776,0.081552,0.545
P2-E5,clinical-sim,static-dp,3,20261515,0.815963,3.008339,0.528972,0.057944,0.533
P2-E5,clinical-sim,static-dp,6,20261515,0.820341,5.993563,0.524444,0.048888,0.529
P2-E5,clinical-sim,static-dp,10,20261515,0.821937,9.995506,0.522604,0.045208,0.526
P2-E5,clinical-sim,no-dp,0,20261616,0.808689,0,0.51028,0.02056,0.522
P2-E5,clinical-sim,static-dp,1,20261616,0.780965,1.033895,0.519548,0.039096,0.536
P2-E5,clinical-sim,static-dp,3,20261616,0.80075,3.008339,0.51406,0.02812,0.525
P2-E5,clinical-sim,static-dp,6,20261616,0.802016,5.993563,0.512752,0.025504,0.523
P2-E5,clinical-sim,static-dp,10,20261616,0.80231,9.995506,0.512212,0.024424,0.522
P2-E5,clinical-sim,no-dp,0,20261717,0.8157,0,0.562392,0.124784,0.559
P2-E5,clinical-sim,static-dp,1,20261717,0.735796,1.033895,0.573456,0.146912,0.568
P2-E5,clinical-sim,static-dp,3,20261717,0.801576,3.008339,0.569868,0.139736,0.568
P2-E5,clinical-sim,static-dp,6,20261717,0.811076,5.993563,0.565204,0.130408,0.555
P2-E5,clinical-sim,static-dp,10,20261717,0.813775,9.995506,0.563076,0.126152,0.554
P2-E5,clinical-sim,no-dp,0,20261818,0.815326,0,0.501084,0.002168,0.522
P2-E5,clinical-sim,static-dp,1,20261818,0.748322,1.033895,0.534824,0.069648,0.54
P2-E5,clinical-sim,static-dp,3,20261818,0.803103,3.008339,0.513884,0.027768,0.53
P2-E5,clinical-sim,static-dp,6,20261818,0.811149,5.993563,0.505708,0.011416,0.522
P2-E5,clinical-sim,static-dp,10,20261818,0.813414,9.995506,0.502032,0.004064,0.518
P2-E5,clinical-sim,no-dp,0,20261919,0.801767,0,0.536904,0.073808,0.542
P2-E5,clinical-sim,static-dp,1,20261919,0.761669,1.033895,0.559656,0.119312,0.567
P2-E5,clinical-sim,static-dp,3,20261919,0.784051,3.008339,0.551984,0.103968,0.561
P2-E5,clinical-sim,static-dp,6,20261919,0.790651,5.993563,0.548264,0.096528,0.564
P2-E5,clinical-sim,static-dp,10,20261919,0.793377,9.995506,0.546628,0.093256,0.563
P2-E5,financial-sim,no-dp,0,20260000,0.702119,0,0.468056,-0.063888,0.516
P2-E5,financial-sim,static-dp,1,20260000,0.684249,1.033895,0.493048,-0.013904,0.516
P2-E5,financial-sim,static-dp,3,20260000,0.69842,3.008339,0.488648,-0.022704,0.513
P2-E5,financial-sim,static-dp,6,20260000,0.698413,5.993563,0.487576,-0.024848,0.513
P2-E5,financial-sim,static-dp,10,20260000,0.6976,9.995506,0.487348,-0.025304,0.513
P2-E5,financial-sim,no-dp,0,20260101,0.747109,0,0.46746,-0.06508,0.514
P2-E5,financial-sim,static-dp,1,20260101,0.70512,1.033895,0.504136,0.008272,0.519
P2-E5,financial-sim,static-dp,3,20260101,0.726881,3.008339,0.49268,-0.01464,0.515
P2-E5,financial-sim,static-dp,6,20260101,0.730445,5.993563,0.489684,-0.020632,0.518
P2-E5,financial-sim,static-dp,10,20260101,0.731473,9.995506,0.48904,-0.02192,0.518
P2-E5,financial-sim,no-dp,0,20260202,0.741642,0,0.457556,-0.084888,0.506
P2-E5,financial-sim,static-dp,1,20260202,0.689481,1.033895,0.462712,-0.074576,0.509
P2-E5,financial-sim,static-dp,3,20260202,0.721465,3.008339,0.469348,-0.061304,0.507
P2-E5,financial-sim,static-dp,6,20260202,0.72612,5.993563,0.476836,-0.046328,0.508
P2-E5,financial-sim,static-dp,10,20260202,0.726971,9.995506,0.480432,-0.039136,0.508
P2-E5,financial-sim,no-dp,0,20260303,0.749212,0,0.466456,-0.067088,0.509
P2-E5,financial-sim,static-dp,1,20260303,0.746766,1.033895,0.514324,0.028648,0.524
P2-E5,financial-sim,static-dp,3,20260303,0.747387,3.008339,0.5066,0.0132,0.518
P2-E5,financial-sim,static-dp,6,20260303,0.74662,5.993563,0.504444,0.008888,0.517
P2-E5,financial-sim,static-dp,10,20260303,0.746186,9.995506,0.503768,0.007536,0.515
P2-E5,financial-sim,no-dp,0,20260404,0.731946,0,0.489044,-0.021912,0.524
P2-E5,financial-sim,static-dp,1,20260404,0.686362,1.033895,0.487112,-0.025776,0.524
P2-E5,financial-sim,static-dp,3,20260404,0.71149,3.008339,0.487812,-0.024376,0.526
P2-E5,financial-sim,static-dp,6,20260404,0.717962,5.993563,0.487836,-0.024328,0.52
P2-E5,financial-sim,static-dp,10,20260404,0.720037,9.995506,0.488016,-0.023968,0.521
P2-E5,financial-sim,no-dp,0,20260505,0.747909,0,0.46042,-0.07916,0.511
P2-E5,financial-sim,static-dp,1,20260505,0.709883,1.033895,0.45412,-0.09176,0.509
P2-E5,financial-sim,static-dp,3,20260505,0.740394,3.008339,0.479916,-0.040168,0.51
P2-E5,financial-sim,static-dp,6,20260505,0.74447,5.993563,0.489628,-0.020744,0.515
P2-E5,financial-sim,static-dp,10,20260505,0.745553,9.995506,0.493804,-0.012392,0.516
P2-E5,financial-sim,no-dp,0,20260606,0.724694,0,0.499336,-0.001328,0.517
P2-E5,financial-sim,static-dp,1,20260606,0.709603,1.033895,0.485092,-0.029816,0.507
P2-E5,financial-sim,static-dp,3,20260606,0.720339,3.008339,0.49864,-0.00272,0.517
P2-E5,financial-sim,static-dp,6,20260606,0.721397,5.993563,0.502064,0.004128,0.524
P2-E5,financial-sim,static-dp,10,20260606,0.721322,9.995506,0.50336,0.00672,0.523
P2-E5,financial-sim,no-dp,0,20260707,0.717103,0,0.446888,-0.106224,0.501
P2-E5,financial-sim,static-dp,1,20260707,0.703457,1.033895,0.506568,0.013136,0.536
P2-E5,financial-sim,static-dp,3,20260707,0.713558,3.008339,0.49104,-0.01792,0.526
P2-E5,financial-sim,static-dp,6,20260707,0.715483,5.993563,0.485376,-0.029248,0.524
P2-E5,financial-sim,static-dp,10,20260707,0.71618,9.995506,0.483316,-0.033368,0.52
P2-E5,financial-sim,no-dp,0,20260808,0.736872,0,0.486912,-0.026176,0.506
P2-E5,financial-sim,static-dp,1,20260808,0.729469,1.033895,0.467264,-0.065472,0.5
P2-E5,financial-sim,static-dp,3,20260808,0.744784,3.008339,0.489424,-0.021152,0.516
P2-E5,financial-sim,static-dp,6,20260808,0.745336,5.993563,0.497304,-0.005392,0.517
P2-E5,financial-sim,static-dp,10,20260808,0.745101,9.995506,0.500928,0.001856,0.523
P2-E5,financial-sim,no-dp,0,20260909,0.749372,0,0.46674,-0.06652,0.512
P2-E5,financial-sim,static-dp,1,20260909,0.711388,1.033895,0.536572,0.073144,0.546
P2-E5,financial-sim,static-dp,3,20260909,0.732995,3.008339,0.510756,0.021512,0.521
P2-E5,financial-sim,static-dp,6,20260909,0.738103,5.993563,0.50106,0.00212,0.517
P2-E5,financial-sim,static-dp,10,20260909,0.739902,9.995506,0.496648,-0.006704,0.519
P2-E5,financial-sim,no-dp,0,20261010,0.697503,0,0.506524,0.013048,0.525
P2-E5,financial-sim,static-dp,1,20261010,0.693251,1.033895,0.547916,0.095832,0.55
P2-E5,financial-sim,static-dp,3,20261010,0.694854,3.008339,0.533124,0.066248,0.543
P2-E5,financial-sim,static-dp,6,20261010,0.693495,5.993563,0.529924,0.059848,0.535
P2-E5,financial-sim,static-dp,10,20261010,0.692649,9.995506,0.528876,0.057752,0.534
P2-E5,financial-sim,no-dp,0,20261111,0.759479,0,0.471004,-0.057992,0.512
P2-E5,financial-sim,static-dp,1,20261111,0.735855,1.033895,0.49046,-0.01908,0.519
P2-E5,financial-sim,static-dp,3,20261111,0.750679,3.008339,0.492664,-0.014672,0.52
P2-E5,financial-sim,static-dp,6,20261111,0.751969,5.993563,0.494616,-0.010768,0.521
P2-E5,financial-sim,static-dp,10,20261111,0.752012,9.995506,0.495444,-0.009112,0.522
P2-E5,financial-sim,no-dp,0,20261212,0.750862,0,0.469056,-0.061888,0.511
P2-E5,financial-sim,static-dp,1,20261212,0.677936,1.033895,0.491696,-0.016608,0.512
P2-E5,financial-sim,static-dp,3,20261212,0.719043,3.008339,0.48682,-0.02636,0.507
P2-E5,financial-sim,static-dp,6,20261212,0.727679,5.993563,0.484916,-0.030168,0.507
P2-E5,financial-sim,static-dp,10,20261212,0.730095,9.995506,0.484656,-0.030688,0.511
P2-E5,financial-sim,no-dp,0,20261313,0.746391,0,0.484232,-0.031536,0.508
P2-E5,financial-sim,static-dp,1,20261313,0.718574,1.033895,0.518604,0.037208,0.524
P2-E5,financial-sim,static-dp,3,20261313,0.734318,3.008339,0.513136,0.026272,0.525
P2-E5,financial-sim,static-dp,6,20261313,0.735514,5.993563,0.512152,0.024304,0.521
P2-E5,financial-sim,static-dp,10,20261313,0.735649,9.995506,0.511936,0.023872,0.519
P2-E5,financial-sim,no-dp,0,20261414,0.735347,0,0.451544,-0.096912,0.509
P2-E5,financial-sim,static-dp,1,20261414,0.740035,1.033895,0.486612,-0.026776,0.515
P2-E5,financial-sim,static-dp,3,20261414,0.738883,3.008339,0.484204,-0.031592,0.524
P2-E5,financial-sim,static-dp,6,20261414,0.736651,5.993563,0.483532,-0.032936,0.519
P2-E5,financial-sim,static-dp,10,20261414,0.735443,9.995506,0.483452,-0.033096,0.519
P2-E5,financial-sim,no-dp,0,20261515,0.725206,0,0.457296,-0.085408,0.513
P2-E5,financial-sim,static-dp,1,20261515,0.691733,1.033895,0.508828,0.017656,0.52
P2-E5,financial-sim,static-dp,3,20261515,0.712702,3.008339,0.498392,-0.003216,0.515
P2-E5,financial-sim,static-dp,6,20261515,0.717428,5.993563,0.496232,-0.007536,0.516
P2-E5,financial-sim,static-dp,10,20261515,0.719145,9.995506,0.495916,-0.008168,0.512
P2-E5,financial-sim,no-dp,0,20261616,0.730612,0,0.421456,-0.157088,0.508
P2-E5,financial-sim,static-dp,1,20261616,0.738415,1.033895,0.48024,-0.03952,0.505
P2-E5,financial-sim,static-dp,3,20261616,0.738199,3.008339,0.460576,-0.078848,0.507
P2-E5,financial-sim,static-dp,6,20261616,0.736726,5.993563,0.455296,-0.089408,0.507
P2-E5,financial-sim,static-dp,10,20261616,0.736012,9.995506,0.453924,-0.092152,0.508
P2-E5,financial-sim,no-dp,0,20261717,0.756063,0,0.463424,-0.073152,0.511
P2-E5,financial-sim,static-dp,1,20261717,0.745732,1.033895,0.49362,-0.01276,0.515
P2-E5,financial-sim,static-dp,3,20261717,0.757187,3.008339,0.486032,-0.027936,0.509
P2-E5,financial-sim,static-dp,6,20261717,0.758129,5.993563,0.48384,-0.03232,0.509
P2-E5,financial-sim,static-dp,10,20261717,0.758183,9.995506,0.48264,-0.03472,0.51
P2-E5,financial-sim,no-dp,0,20261818,0.740909,0,0.47972,-0.04056,0.515
P2-E5,financial-sim,static-dp,1,20261818,0.68588,1.033895,0.482244,-0.035512,0.511
P2-E5,financial-sim,static-dp,3,20261818,0.720805,3.008339,0.483208,-0.033584,0.52
P2-E5,financial-sim,static-dp,6,20261818,0.728051,5.993563,0.483992,-0.032016,0.51
P2-E5,financial-sim,static-dp,10,20261818,0.730024,9.995506,0.485112,-0.029776,0.51
P2-E5,financial-sim,no-dp,0,20261919,0.730414,0,0.479728,-0.040544,0.515
P2-E5,financial-sim,static-dp,1,20261919,0.698809,1.033895,0.45158,-0.09684,0.51
P2-E5,financial-sim,static-dp,3,20261919,0.721508,3.008339,0.482804,-0.034392,0.514
P2-E5,financial-sim,static-dp,6,20261919,0.7221,5.993563,0.493372,-0.013256,0.512
P2-E5,financial-sim,static-dp,10,20261919,0.721885,9.995506,0.497564,-0.004872,0.512
