experiment_id,domain,privacy_mode,epsilon_budget,seed,final_auroc,epsilon_spent,convergence_round,worst_client_auroc,runtime_ms
P2-E2,clinical-sim,no-dp,0,20260000,0.821075,0,2,0.488725,32
P2-E2,clinical-sim,static-dp,1,20260000,0.805542,1.033895,4,0.494762,43
P2-E2,clinical-sim,adaptive-dp,1,20260000,0.805542,7.632414,4,0.494762,42
P2-E2,clinical-sim,static-dp,3,20260000,0.820464,3.008339,1,0.490589,36
P2-E2,clinical-sim,adaptive-dp,3,20260000,0.805542,7.632414,4,0.494762,36
P2-E2,clinical-sim,static-dp,6,20260000,0.824012,5.993563,1,0.486417,35
P2-E2,clinical-sim,adaptive-dp,6,20260000,0.805495,8.004064,1,0.492365,37
P2-E2,clinical-sim,static-dp,10,20260000,0.824846,9.995506,2,0.482866,35
P2-E2,clinical-sim,adaptive-dp,10,20260000,0.806848,10.465998,1,0.489879,35
P2-E2,clinical-sim,no-dp,0,20260101,0.7863,0,3,0.59577,31
P2-E2,clinical-sim,static-dp,1,20260101,0.781683,1.033895,7,0.605195,37
P2-E2,clinical-sim,adaptive-dp,1,20260101,0.781683,7.632414,7,0.605195,37
P2-E2,clinical-sim,static-dp,3,20260101,0.794252,3.008339,7,0.596141,40
P2-E2,clinical-sim,adaptive-dp,3,20260101,0.781683,7.632414,7,0.605195,38
P2-E2,clinical-sim,static-dp,6,20260101,0.795938,5.993563,7,0.594137,35
P2-E2,clinical-sim,adaptive-dp,6,20260101,0.781697,8.004064,7,0.605788,37
P2-E2,clinical-sim,static-dp,10,20260101,0.795955,9.995506,7,0.592727,35
P2-E2,clinical-sim,adaptive-dp,10,20260101,0.782009,10.465998,7,0.603859,37
P2-E2,clinical-sim,no-dp,0,20260202,0.810367,0,1,0.49683,33
P2-E2,clinical-sim,static-dp,1,20260202,0.789325,1.033895,2,0.501108,39
P2-E2,clinical-sim,adaptive-dp,1,20260202,0.789325,7.632414,2,0.501108,41
P2-E2,clinical-sim,static-dp,3,20260202,0.802587,3.008339,2,0.503323,38
P2-E2,clinical-sim,adaptive-dp,3,20260202,0.789325,7.632414,2,0.501108,38
P2-E2,clinical-sim,static-dp,6,20260202,0.805179,5.993563,6,0.504774,35
P2-E2,clinical-sim,adaptive-dp,6,20260202,0.789678,8.004064,2,0.501948,37
P2-E2,clinical-sim,static-dp,10,20260202,0.806152,9.995506,6,0.505003,34
P2-E2,clinical-sim,adaptive-dp,10,20260202,0.788866,10.465998,2,0.501642,36
P2-E2,clinical-sim,no-dp,0,20260303,0.79908,0,3,0.579586,33
P2-E2,clinical-sim,static-dp,1,20260303,0.757013,1.033895,2,0.495792,36
P2-E2,clinical-sim,adaptive-dp,1,20260303,0.757013,7.632414,2,0.495792,37
P2-E2,clinical-sim,static-dp,3,20260303,0.810659,3.008339,6,0.556058,36
P2-E2,clinical-sim,adaptive-dp,3,20260303,0.757013,7.632414,2,0.495792,44
P2-E2,clinical-sim,static-dp,6,20260303,0.81121,5.993563,6,0.568727,36
P2-E2,clinical-sim,adaptive-dp,6,20260303,0.755468,8.004064,2,0.496426,38
P2-E2,clinical-sim,static-dp,10,20260303,0.810335,9.995506,5,0.572799,38
P2-E2,clinical-sim,adaptive-dp,10,20260303,0.763993,10.465998,2,0.499683,36
P2-E2,clinical-sim,no-dp,0,20260404,0.75587,0,4,0.577464,31
P2-E2,clinical-sim,static-dp,1,20260404,0.521264,1.033895,2,0.406763,36
P2-E2,clinical-sim,adaptive-dp,1,20260404,0.521264,7.632414,2,0.406763,38
P2-E2,clinical-sim,static-dp,3,20260404,0.678376,3.008339,10,0.56622,36
P2-E2,clinical-sim,adaptive-dp,3,20260404,0.521264,7.632414,2,0.406763,37
P2-E2,clinical-sim,static-dp,6,20260404,0.717777,5.993563,12,0.574239,34
P2-E2,clinical-sim,adaptive-dp,6,20260404,0.523367,8.004064,2,0.412191,36
P2-E2,clinical-sim,static-dp,10,20260404,0.73195,9.995506,15,0.57796,37
P2-E2,clinical-sim,adaptive-dp,10,20260404,0.514511,10.465998,1,0.399155,37
P2-E2,clinical-sim,no-dp,0,20260505,0.815793,0,2,0.560902,32
P2-E2,clinical-sim,static-dp,1,20260505,0.810041,1.033895,8,0.575195,36
P2-E2,clinical-sim,adaptive-dp,1,20260505,0.810041,7.632414,8,0.575195,38
P2-E2,clinical-sim,static-dp,3,20260505,0.816231,3.008339,8,0.565874,37
P2-E2,clinical-sim,adaptive-dp,3,20260505,0.810041,7.632414,8,0.575195,36
P2-E2,clinical-sim,static-dp,6,20260505,0.816712,5.993563,8,0.565252,34
P2-E2,clinical-sim,adaptive-dp,6,20260505,0.810247,8.004064,8,0.57342,36
P2-E2,clinical-sim,static-dp,10,20260505,0.816448,9.995506,6,0.564986,34
P2-E2,clinical-sim,adaptive-dp,10,20260505,0.810477,10.465998,8,0.570401,36
P2-E2,clinical-sim,no-dp,0,20260606,0.775435,0,3,0.526955,29
P2-E2,clinical-sim,static-dp,1,20260606,0.765663,1.033895,5,0.490183,35
P2-E2,clinical-sim,adaptive-dp,1,20260606,0.765663,7.632414,5,0.490183,36
P2-E2,clinical-sim,static-dp,3,20260606,0.782623,3.008339,5,0.50959,35
P2-E2,clinical-sim,adaptive-dp,3,20260606,0.765663,7.632414,5,0.490183,36
P2-E2,clinical-sim,static-dp,6,20260606,0.786191,5.993563,6,0.514357,34
P2-E2,clinical-sim,adaptive-dp,6,20260606,0.765512,8.004064,5,0.489956,34
P2-E2,clinical-sim,static-dp,10,20260606,0.786841,9.995506,6,0.517648,34
P2-E2,clinical-sim,adaptive-dp,10,20260606,0.766491,10.465998,4,0.490296,35
P2-E2,clinical-sim,no-dp,0,20260707,0.817994,0,2,0.495288,30
P2-E2,clinical-sim,static-dp,1,20260707,0.787215,1.033895,1,0.5,35
P2-E2,clinical-sim,adaptive-dp,1,20260707,0.787215,7.632414,1,0.5,35
P2-E2,clinical-sim,static-dp,3,20260707,0.808914,3.008339,7,0.4875,34
P2-E2,clinical-sim,adaptive-dp,3,20260707,0.787215,7.632414,1,0.5,35
P2-E2,clinical-sim,static-dp,6,20260707,0.813163,5.993563,8,0.487404,34
P2-E2,clinical-sim,adaptive-dp,6,20260707,0.787368,8.004064,1,0.500385,35
P2-E2,clinical-sim,static-dp,10,20260707,0.814071,9.995506,8,0.485385,34
P2-E2,clinical-sim,adaptive-dp,10,20260707,0.78627,10.465998,1,0.495192,34
P2-E2,clinical-sim,no-dp,0,20260808,0.803279,0,1,0.519676,30
P2-E2,clinical-sim,static-dp,1,20260808,0.806118,1.033895,7,0.484428,34
P2-E2,clinical-sim,adaptive-dp,1,20260808,0.806118,7.632414,7,0.484428,35
P2-E2,clinical-sim,static-dp,3,20260808,0.807143,3.008339,2,0.504945,35
P2-E2,clinical-sim,adaptive-dp,3,20260808,0.806118,7.632414,7,0.484428,35
P2-E2,clinical-sim,static-dp,6,20260808,0.806388,5.993563,1,0.511469,35
P2-E2,clinical-sim,adaptive-dp,6,20260808,0.805831,8.004064,3,0.48327,37
P2-E2,clinical-sim,static-dp,10,20260808,0.805736,9.995506,1,0.515152,34
P2-E2,clinical-sim,adaptive-dp,10,20260808,0.805828,10.465998,3,0.481692,37
P2-E2,clinical-sim,no-dp,0,20260909,0.773178,0,3,0.492122,29
P2-E2,clinical-sim,static-dp,1,20260909,0.675488,1.033895,1,0.438157,37
P2-E2,clinical-sim,adaptive-dp,1,20260909,0.675488,7.632414,1,0.438157,36
P2-E2,clinical-sim,static-dp,3,20260909,0.722523,3.008339,5,0.451024,34
P2-E2,clinical-sim,adaptive-dp,3,20260909,0.675488,7.632414,1,0.438157,36
P2-E2,clinical-sim,static-dp,6,20260909,0.728663,5.993563,7,0.455488,34
P2-E2,clinical-sim,adaptive-dp,6,20260909,0.673583,8.004064,1,0.437369,36
P2-E2,clinical-sim,static-dp,10,20260909,0.731214,9.995506,9,0.457327,34
P2-E2,clinical-sim,adaptive-dp,10,20260909,0.683923,10.465998,1,0.445903,35
P2-E2,clinical-sim,no-dp,0,20261010,0.79857,0,1,0.468186,31
P2-E2,clinical-sim,static-dp,1,20261010,0.721979,1.033895,9,0.497626,35
P2-E2,clinical-sim,adaptive-dp,1,20261010,0.721979,7.632414,9,0.497626,37
P2-E2,clinical-sim,static-dp,3,20261010,0.799259,3.008339,3,0.484873,37
P2-E2,clinical-sim,adaptive-dp,3,20261010,0.721979,7.632414,9,0.497626,37
P2-E2,clinical-sim,static-dp,6,20261010,0.802152,5.993563,2,0.480939,36
P2-E2,clinical-sim,adaptive-dp,6,20261010,0.723866,8.004064,3,0.496405,37
P2-E2,clinical-sim,static-dp,10,20261010,0.802564,9.995506,1,0.479311,34
P2-E2,clinical-sim,adaptive-dp,10,20261010,0.727946,10.465998,2,0.497761,36
P2-E2,clinical-sim,no-dp,0,20261111,0.784578,0,3,0.543181,31
P2-E2,clinical-sim,static-dp,1,20261111,0.765213,1.033895,13,0.472561,35
P2-E2,clinical-sim,adaptive-dp,1,20261111,0.765213,7.632414,13,0.472561,37
P2-E2,clinical-sim,static-dp,3,20261111,0.798489,3.008339,12,0.510189,36
P2-E2,clinical-sim,adaptive-dp,3,20261111,0.765213,7.632414,13,0.472561,37
P2-E2,clinical-sim,static-dp,6,20261111,0.801286,5.993563,8,0.520431,34
P2-E2,clinical-sim,adaptive-dp,6,20261111,0.769801,8.004064,12,0.474178,37
P2-E2,clinical-sim,static-dp,10,20261111,0.802383,9.995506,8,0.521509,42
P2-E2,clinical-sim,adaptive-dp,10,20261111,0.774137,10.465998,8,0.47655,37
P2-E2,clinical-sim,no-dp,0,20261212,0.822766,0,1,0.519591,30
P2-E2,clinical-sim,static-dp,1,20261212,0.798938,1.033895,6,0.494344,44
P2-E2,clinical-sim,adaptive-dp,1,20261212,0.798938,7.632414,6,0.494344,53
P2-E2,clinical-sim,static-dp,3,20261212,0.816442,3.008339,4,0.507375,42
P2-E2,clinical-sim,adaptive-dp,3,20261212,0.798938,7.632414,6,0.494344,38
P2-E2,clinical-sim,static-dp,6,20261212,0.819713,5.993563,3,0.51018,35
P2-E2,clinical-sim,adaptive-dp,6,20261212,0.799058,8.004064,6,0.493801,36
P2-E2,clinical-sim,static-dp,10,20261212,0.820689,9.995506,3,0.512171,35
P2-E2,clinical-sim,adaptive-dp,10,20261212,0.805897,10.465998,4,0.501131,35
P2-E2,clinical-sim,no-dp,0,20261313,0.817373,0,2,0.575302,30
P2-E2,clinical-sim,static-dp,1,20261313,0.81285,1.033895,4,0.529129,36
P2-E2,clinical-sim,adaptive-dp,1,20261313,0.81285,7.632414,4,0.529129,36
P2-E2,clinical-sim,static-dp,3,20261313,0.82334,3.008339,1,0.564201,37
P2-E2,clinical-sim,adaptive-dp,3,20261313,0.81285,7.632414,4,0.529129,36
P2-E2,clinical-sim,static-dp,6,20261313,0.823664,5.993563,1,0.571176,36
P2-E2,clinical-sim,adaptive-dp,6,20261313,0.812881,8.004064,4,0.529522,36
P2-E2,clinical-sim,static-dp,10,20261313,0.823306,9.995506,1,0.575106,35
P2-E2,clinical-sim,adaptive-dp,10,20261313,0.813171,10.465998,1,0.531192,36
P2-E2,clinical-sim,no-dp,0,20261414,0.770017,0,1,0.457019,29
P2-E2,clinical-sim,static-dp,1,20261414,0.77034,1.033895,9,0.459475,35
P2-E2,clinical-sim,adaptive-dp,1,20261414,0.77034,7.632414,9,0.459475,35
P2-E2,clinical-sim,static-dp,3,20261414,0.779141,3.008339,6,0.453876,35
P2-E2,clinical-sim,adaptive-dp,3,20261414,0.77034,7.632414,9,0.459475,36
P2-E2,clinical-sim,static-dp,6,20261414,0.780853,5.993563,6,0.455546,34
P2-E2,clinical-sim,adaptive-dp,6,20261414,0.770449,8.004064,8,0.460261,36
P2-E2,clinical-sim,static-dp,10,20261414,0.781134,9.995506,6,0.456921,40
P2-E2,clinical-sim,adaptive-dp,10,20261414,0.769574,10.465998,4,0.455251,36
P2-E2,clinical-sim,no-dp,0,20261515,0.821934,0,2,0.553072,31
P2-E2,clinical-sim,static-dp,1,20261515,0.795805,1.033895,6,0.5785,35
P2-E2,clinical-sim,adaptive-dp,1,20261515,0.795805,7.632414,6,0.5785,37
P2-E2,clinical-sim,static-dp,3,20261515,0.815963,3.008339,4,0.569722,35
P2-E2,clinical-sim,adaptive-dp,3,20261515,0.795805,7.632414,6,0.5785,37
P2-E2,clinical-sim,static-dp,6,20261515,0.820341,5.993563,4,0.561578,36
P2-E2,clinical-sim,adaptive-dp,6,20261515,0.796937,8.004064,4,0.57859,36
P2-E2,clinical-sim,static-dp,10,20261515,0.821937,9.995506,4,0.559135,35
P2-E2,clinical-sim,adaptive-dp,10,20261515,0.80056,10.465998,1,0.578952,35
P2-E2,clinical-sim,no-dp,0,20261616,0.808689,0,1,0.523778,30
P2-E2,clinical-sim,static-dp,1,20261616,0.780965,1.033895,1,0.519258,35
P2-E2,clinical-sim,adaptive-dp,1,20261616,0.780965,7.632414,1,0.519258,36
P2-E2,clinical-sim,static-dp,3,20261616,0.80075,3.008339,1,0.527922,35
P2-E2,clinical-sim,adaptive-dp,3,20261616,0.780965,7.632414,1,0.519258,38
P2-E2,clinical-sim,static-dp,6,20261616,0.802016,5.993563,1,0.528487,35
P2-E2,clinical-sim,adaptive-dp,6,20261616,0.780861,8.004064,1,0.520482,41
P2-E2,clinical-sim,static-dp,10,20261616,0.80231,9.995506,1,0.530182,35
P2-E2,clinical-sim,adaptive-dp,10,20261616,0.781166,10.465998,1,0.521975,36
P2-E2,clinical-sim,no-dp,0,20261717,0.8157,0,1,0.477091,30
P2-E2,clinical-sim,static-dp,1,20261717,0.735796,1.033895,1,0.493471,36
P2-E2,clinical-sim,adaptive-dp,1,20261717,0.735796,7.632414,1,0.493471,35
P2-E2,clinical-sim,static-dp,3,20261717,0.801576,3.008339,1,0.476364,35
P2-E2,clinical-sim,adaptive-dp,3,20261717,0.735796,7.632414,1,0.493471,36
P2-E2,clinical-sim,static-dp,6,20261717,0.811076,5.993563,6,0.475491,35
P2-E2,clinical-sim,adaptive-dp,6,20261717,0.737341,8.004064,1,0.495279,36
P2-E2,clinical-sim,static-dp,10,20261717,0.813775,9.995506,5,0.476218,38
P2-E2,clinical-sim,adaptive-dp,10,20261717,0.738939,10.465998,1,0.490157,35
P2-E2,clinical-sim,no-dp,0,20261818,0.815326,0,1,0.567489,30
P2-E2,clinical-sim,static-dp,1,20261818,0.748322,1.033895,2,0.546229,38
P2-E2,clinical-sim,adaptive-dp,1,20261818,0.748322,7.632414,2,0.546229,36
P2-E2,clinical-sim,static-dp,3,20261818,0.803103,3.008339,2,0.571614,35
P2-E2,clinical-sim,adaptive-dp,3,20261818,0.748322,7.632414,2,0.546229,37
P2-E2,clinical-sim,static-dp,6,20261818,0.811149,5.993563,1,0.569399,34
P2-E2,clinical-sim,adaptive-dp,6,20261818,0.749375,8.004064,2,0.547548,37
P2-E2,clinical-sim,static-dp,10,20261818,0.813414,9.995506,1,0.569552,35
P2-E2,clinical-sim,adaptive-dp,10,20261818,0.752499,10.465998,1,0.555342,37
P2-E2,clinical-sim,no-dp,0,20261919,0.801767,0,2,0.557718,30
P2-E2,clinical-sim,static-dp,1,20261919,0.761669,1.033895,13,0.560599,36
P2-E2,clinical-sim,adaptive-dp,1,20261919,0.761669,7.632414,13,0.560599,37
P2-E2,clinical-sim,static-dp,3,20261919,0.784051,3.008339,13,0.554201,35
P2-E2,clinical-sim,adaptive-dp,3,20261919,0.761669,7.632414,13,0.560599,36
P2-E2,clinical-sim,static-dp,6,20261919,0.790651,5.993563,12,0.551189,35
P2-E2,clinical-sim,adaptive-dp,6,20261919,0.761288,8.004064,13,0.559094,37
P2-E2,clinical-sim,static-dp,10,20261919,0.793377,9.995506,12,0.549307,34
P2-E2,clinical-sim,adaptive-dp,10,20261919,0.755377,10.465998,6,0.558868,38
P2-E2,financial-sim,no-dp,0,20260000,0.702119,0,5,0.54237,51
P2-E2,financial-sim,static-dp,1,20260000,0.684249,1.033895,27,0.528942,61
P2-E2,financial-sim,adaptive-dp,1,20260000,0.684249,7.632414,27,0.528942,65
P2-E2,financial-sim,static-dp,3,20260000,0.69842,3.008339,25,0.51624,61
P2-E2,financial-sim,adaptive-dp,3,20260000,0.684249,7.632414,27,0.528942,61
P2-E2,financial-sim,static-dp,6,20260000,0.698413,5.993563,22,0.514244,59
P2-E2,financial-sim,adaptive-dp,6,20260000,0.684412,8.004064,27,0.530031,61
P2-E2,financial-sim,static-dp,10,20260000,0.6976,9.995506,20,0.512974,59
P2-E2,financial-sim,adaptive-dp,10,20260000,0.6856,10.465998,21,0.529124,61
P2-E2,financial-sim,no-dp,0,20260101,0.747109,0,7,0.525938,54
P2-E2,financial-sim,static-dp,1,20260101,0.70512,1.033895,7,0.523033,62
P2-E2,financial-sim,adaptive-dp,1,20260101,0.70512,7.632414,7,0.523033,63
P2-E2,financial-sim,static-dp,3,20260101,0.726881,3.008339,8,0.516627,63
P2-E2,financial-sim,adaptive-dp,3,20260101,0.70512,7.632414,7,0.523033,62
P2-E2,financial-sim,static-dp,6,20260101,0.730445,5.993563,8,0.511838,61
P2-E2,financial-sim,adaptive-dp,6,20260101,0.707315,8.004064,7,0.523033,64
P2-E2,financial-sim,static-dp,10,20260101,0.731473,9.995506,14,0.508646,61
P2-E2,financial-sim,adaptive-dp,10,20260101,0.706509,10.465998,2,0.521084,61
P2-E2,financial-sim,no-dp,0,20260202,0.741642,0,8,0.474062,52
P2-E2,financial-sim,static-dp,1,20260202,0.689481,1.033895,1,0.462294,60
P2-E2,financial-sim,adaptive-dp,1,20260202,0.689481,7.632414,1,0.462294,61
P2-E2,financial-sim,static-dp,3,20260202,0.721465,3.008339,2,0.488428,59
P2-E2,financial-sim,adaptive-dp,3,20260202,0.689481,7.632414,1,0.462294,60
P2-E2,financial-sim,static-dp,6,20260202,0.72612,5.993563,2,0.480181,59
P2-E2,financial-sim,adaptive-dp,6,20260202,0.68751,8.004064,1,0.45861,61
P2-E2,financial-sim,static-dp,10,20260202,0.726971,9.995506,8,0.476457,61
P2-E2,financial-sim,adaptive-dp,10,20260202,0.681552,10.465998,1,0.461066,61
P2-E2,financial-sim,no-dp,0,20260303,0.749212,0,4,0.488889,51
P2-E2,financial-sim,static-dp,1,20260303,0.746766,1.033895,20,0.497778,62
P2-E2,financial-sim,adaptive-dp,1,20260303,0.746766,7.632414,20,0.497778,61
P2-E2,financial-sim,static-dp,3,20260303,0.747387,3.008339,5,0.495278,60
P2-E2,financial-sim,adaptive-dp,3,20260303,0.746766,7.632414,20,0.497778,62
P2-E2,financial-sim,static-dp,6,20260303,0.74662,5.993563,5,0.495278,60
P2-E2,financial-sim,adaptive-dp,6,20260303,0.746628,8.004064,20,0.495833,65
P2-E2,financial-sim,static-dp,10,20260303,0.746186,9.995506,2,0.493889,62
P2-E2,financial-sim,adaptive-dp,10,20260303,0.746657,10.465998,5,0.493889,60
P2-E2,financial-sim,no-dp,0,20260404,0.731946,0,7,0.593712,51
P2-E2,financial-sim,static-dp,1,20260404,0.686362,1.033895,14,0.589744,60
P2-E2,financial-sim,adaptive-dp,1,20260404,0.686362,7.632414,14,0.589744,61
P2-E2,financial-sim,static-dp,3,20260404,0.71149,3.008339,2,0.592491,60
P2-E2,financial-sim,adaptive-dp,3,20260404,0.686362,7.632414,14,0.589744,61
P2-E2,financial-sim,static-dp,6,20260404,0.717962,5.993563,14,0.596459,61
P2-E2,financial-sim,adaptive-dp,6,20260404,0.688114,8.004064,2,0.590354,60
P2-E2,financial-sim,static-dp,10,20260404,0.720037,9.995506,14,0.600733,61
P2-E2,financial-sim,adaptive-dp,10,20260404,0.68862,10.465998,2,0.587302,60
P2-E2,financial-sim,no-dp,0,20260505,0.747909,0,4,0.479589,52
P2-E2,financial-sim,static-dp,1,20260505,0.709883,1.033895,2,0.416586,66
P2-E2,financial-sim,adaptive-dp,1,20260505,0.709883,7.632414,2,0.416586,65
P2-E2,financial-sim,static-dp,3,20260505,0.740394,3.008339,2,0.432337,61
P2-E2,financial-sim,adaptive-dp,3,20260505,0.709883,7.632414,2,0.416586,61
P2-E2,financial-sim,static-dp,6,20260505,0.74447,5.993563,2,0.443266,59
P2-E2,financial-sim,adaptive-dp,6,20260505,0.708383,8.004064,2,0.419158,61
P2-E2,financial-sim,static-dp,10,20260505,0.745553,9.995506,2,0.450016,60
P2-E2,financial-sim,adaptive-dp,10,20260505,0.707813,10.465998,2,0.419479,59
P2-E2,financial-sim,no-dp,0,20260606,0.724694,0,3,0.50947,50
P2-E2,financial-sim,static-dp,1,20260606,0.709603,1.033895,17,0.505682,64
P2-E2,financial-sim,adaptive-dp,1,20260606,0.709603,7.632414,17,0.505682,63
P2-E2,financial-sim,static-dp,3,20260606,0.720339,3.008339,17,0.514205,60
P2-E2,financial-sim,adaptive-dp,3,20260606,0.709603,7.632414,17,0.505682,59
P2-E2,financial-sim,static-dp,6,20260606,0.721397,5.993563,17,0.498106,59
P2-E2,financial-sim,adaptive-dp,6,20260606,0.710284,8.004064,17,0.509233,60
P2-E2,financial-sim,static-dp,10,20260606,0.721322,9.995506,16,0.493134,59
P2-E2,financial-sim,adaptive-dp,10,20260606,0.713064,10.465998,17,0.514915,59
P2-E2,financial-sim,no-dp,0,20260707,0.717103,0,1,0.567451,51
P2-E2,financial-sim,static-dp,1,20260707,0.703457,1.033895,6,0.487647,63
P2-E2,financial-sim,adaptive-dp,1,20260707,0.703457,7.632414,6,0.487647,63
P2-E2,financial-sim,static-dp,3,20260707,0.713558,3.008339,3,0.498431,61
P2-E2,financial-sim,adaptive-dp,3,20260707,0.703457,7.632414,6,0.487647,62
P2-E2,financial-sim,static-dp,6,20260707,0.715483,5.993563,2,0.50451,60
P2-E2,financial-sim,adaptive-dp,6,20260707,0.703986,8.004064,6,0.489412,61
P2-E2,financial-sim,static-dp,10,20260707,0.71618,9.995506,2,0.509412,61
P2-E2,financial-sim,adaptive-dp,10,20260707,0.702308,10.465998,3,0.492549,61
P2-E2,financial-sim,no-dp,0,20260808,0.736872,0,1,0.480717,53
P2-E2,financial-sim,static-dp,1,20260808,0.729469,1.033895,3,0.457136,59
P2-E2,financial-sim,adaptive-dp,1,20260808,0.729469,7.632414,3,0.457136,60
P2-E2,financial-sim,static-dp,3,20260808,0.744784,3.008339,3,0.468435,59
P2-E2,financial-sim,adaptive-dp,3,20260808,0.729469,7.632414,3,0.457136,60
P2-E2,financial-sim,static-dp,6,20260808,0.745336,5.993563,3,0.46254,59
P2-E2,financial-sim,adaptive-dp,6,20260808,0.729044,8.004064,3,0.461557,60
P2-E2,financial-sim,static-dp,10,20260808,0.745101,9.995506,3,0.462786,60
P2-E2,financial-sim,adaptive-dp,10,20260808,0.73083,10.465998,3,0.478752,59
P2-E2,financial-sim,no-dp,0,20260909,0.749372,0,1,0.524259,52
P2-E2,financial-sim,static-dp,1,20260909,0.711388,1.033895,1,0.474208,59
P2-E2,financial-sim,adaptive-dp,1,20260909,0.711388,7.632414,1,0.474208,60
P2-E2,financial-sim,static-dp,3,20260909,0.732995,3.008339,1,0.487998,60
P2-E2,financial-sim,adaptive-dp,3,20260909,0.711388,7.632414,1,0.474208,61
P2-E2,financial-sim,static-dp,6,20260909,0.738103,5.993563,1,0.498979,59
P2-E2,financial-sim,adaptive-dp,6,20260909,0.713152,8.004064,1,0.472932,61
P2-E2,financial-sim,static-dp,10,20260909,0.739902,9.995506,1,0.505618,60
P2-E2,financial-sim,adaptive-dp,10,20260909,0.708491,10.465998,1,0.469356,60
P2-E2,financial-sim,no-dp,0,20261010,0.697503,0,5,0.5228,51
P2-E2,financial-sim,static-dp,1,20261010,0.693251,1.033895,31,0.495825,63
P2-E2,financial-sim,adaptive-dp,1,20261010,0.693251,7.632414,31,0.495825,68
P2-E2,financial-sim,static-dp,3,20261010,0.694854,3.008339,1,0.510383,66
P2-E2,financial-sim,adaptive-dp,3,20261010,0.693251,7.632414,31,0.495825,63
P2-E2,financial-sim,static-dp,6,20261010,0.693495,5.993563,1,0.516164,63
P2-E2,financial-sim,adaptive-dp,6,20261010,0.693289,8.004064,31,0.496682,63
P2-E2,financial-sim,static-dp,10,20261010,0.692649,9.995506,1,0.518519,59
P2-E2,financial-sim,adaptive-dp,10,20261010,0.692937,10.465998,1,0.494969,61
P2-E2,financial-sim,no-dp,0,20261111,0.759479,0,6,0.435904,53
P2-E2,financial-sim,static-dp,1,20261111,0.735855,1.033895,10,0.4262,63
P2-E2,financial-sim,adaptive-dp,1,20261111,0.735855,7.632414,10,0.4262,64
P2-E2,financial-sim,static-dp,3,20261111,0.750679,3.008339,5,0.426966,62
P2-E2,financial-sim,adaptive-dp,3,20261111,0.735855,7.632414,10,0.4262,64
P2-E2,financial-sim,static-dp,6,20261111,0.751969,5.993563,4,0.432074,61
P2-E2,financial-sim,adaptive-dp,6,20261111,0.73347,8.004064,6,0.429265,65
P2-E2,financial-sim,static-dp,10,20261111,0.752012,9.995506,1,0.43335,62
P2-E2,financial-sim,adaptive-dp,10,20261111,0.733121,10.465998,2,0.427732,63
P2-E2,financial-sim,no-dp,0,20261212,0.750862,0,7,0.504076,53
P2-E2,financial-sim,static-dp,1,20261212,0.677936,1.033895,4,0.388848,64
P2-E2,financial-sim,adaptive-dp,1,20261212,0.677936,7.632414,4,0.388848,62
P2-E2,financial-sim,static-dp,3,20261212,0.719043,3.008339,4,0.449275,61
P2-E2,financial-sim,adaptive-dp,3,20261212,0.677936,7.632414,4,0.388848,62
P2-E2,financial-sim,static-dp,6,20261212,0.727679,5.993563,1,0.46254,60
P2-E2,financial-sim,adaptive-dp,6,20261212,0.67967,8.004064,3,0.388357,60
P2-E2,financial-sim,static-dp,10,20261212,0.730095,9.995506,1,0.472611,61
P2-E2,financial-sim,adaptive-dp,10,20261212,0.679512,10.465998,1,0.406534,61
P2-E2,financial-sim,no-dp,0,20261313,0.746391,0,6,0.499337,51
P2-E2,financial-sim,static-dp,1,20261313,0.718574,1.033895,26,0.517462,61
P2-E2,financial-sim,adaptive-dp,1,20261313,0.718574,7.632414,26,0.517462,64
P2-E2,financial-sim,static-dp,3,20261313,0.734318,3.008339,22,0.50221,59
P2-E2,financial-sim,adaptive-dp,3,20261313,0.718574,7.632414,26,0.517462,62
P2-E2,financial-sim,static-dp,6,20261313,0.735514,5.993563,2,0.499558,61
P2-E2,financial-sim,adaptive-dp,6,20261313,0.718883,8.004064,25,0.518347,64
P2-E2,financial-sim,static-dp,10,20261313,0.735649,9.995506,1,0.498674,59
P2-E2,financial-sim,adaptive-dp,10,20261313,0.717556,10.465998,2,0.522767,59
P2-E2,financial-sim,no-dp,0,20261414,0.735347,0,7,0.542964,54
P2-E2,financial-sim,static-dp,1,20261414,0.740035,1.033895,37,0.527268,61
P2-E2,financial-sim,adaptive-dp,1,20261414,0.740035,7.632414,37,0.527268,61
P2-E2,financial-sim,static-dp,3,20261414,0.738883,3.008339,27,0.537111,65
P2-E2,financial-sim,adaptive-dp,3,20261414,0.740035,7.632414,37,0.527268,63
P2-E2,financial-sim,static-dp,6,20261414,0.736651,5.993563,2,0.537643,76
P2-E2,financial-sim,adaptive-dp,6,20261414,0.7396,8.004064,37,0.527002,66
P2-E2,financial-sim,static-dp,10,20261414,0.735443,9.995506,1,0.537111,63
P2-E2,financial-sim,adaptive-dp,10,20261414,0.740434,10.465998,37,0.52962,61
P2-E2,financial-sim,no-dp,0,20261515,0.725206,0,1,0.515093,52
P2-E2,financial-sim,static-dp,1,20261515,0.691733,1.033895,7,0.517234,63
P2-E2,financial-sim,adaptive-dp,1,20261515,0.691733,7.632414,7,0.517234,68
P2-E2,financial-sim,static-dp,3,20261515,0.712702,3.008339,2,0.527082,61
P2-E2,financial-sim,adaptive-dp,3,20261515,0.691733,7.632414,7,0.517234,62
P2-E2,financial-sim,static-dp,6,20261515,0.717428,5.993563,1,0.529865,61
P2-E2,financial-sim,adaptive-dp,6,20261515,0.693719,8.004064,5,0.516378,61
P2-E2,financial-sim,static-dp,10,20261515,0.719145,9.995506,1,0.531364,59
P2-E2,financial-sim,adaptive-dp,10,20261515,0.691859,10.465998,2,0.514665,61
P2-E2,financial-sim,no-dp,0,20261616,0.730612,0,2,0.429714,52
P2-E2,financial-sim,static-dp,1,20261616,0.738415,1.033895,29,0.4336,62
P2-E2,financial-sim,adaptive-dp,1,20261616,0.738415,7.632414,29,0.4336,62
P2-E2,financial-sim,static-dp,3,20261616,0.738199,3.008339,22,0.448914,64
P2-E2,financial-sim,adaptive-dp,3,20261616,0.738415,7.632414,29,0.4336,63
P2-E2,financial-sim,static-dp,6,20261616,0.736726,5.993563,16,0.453714,60
P2-E2,financial-sim,adaptive-dp,6,20261616,0.738799,8.004064,28,0.431543,61
P2-E2,financial-sim,static-dp,10,20261616,0.736012,9.995506,10,0.453257,60
P2-E2,financial-sim,adaptive-dp,10,20261616,0.737509,10.465998,25,0.426286,62
P2-E2,financial-sim,no-dp,0,20261717,0.756063,0,2,0.436552,54
P2-E2,financial-sim,static-dp,1,20261717,0.745732,1.033895,20,0.422187,68
P2-E2,financial-sim,adaptive-dp,1,20261717,0.745732,7.632414,20,0.422187,64
P2-E2,financial-sim,static-dp,3,20261717,0.757187,3.008339,10,0.427241,60
P2-E2,financial-sim,adaptive-dp,3,20261717,0.745732,7.632414,20,0.422187,65
P2-E2,financial-sim,static-dp,6,20261717,0.758129,5.993563,8,0.432828,61
P2-E2,financial-sim,adaptive-dp,6,20261717,0.747318,8.004064,10,0.418196,60
P2-E2,financial-sim,static-dp,10,20261717,0.758183,9.995506,5,0.436552,63
P2-E2,financial-sim,adaptive-dp,10,20261717,0.744909,10.465998,8,0.422985,62
P2-E2,financial-sim,no-dp,0,20261818,0.740909,0,7,0.459402,52
P2-E2,financial-sim,static-dp,1,20261818,0.68588,1.033895,3,0.42029,61
P2-E2,financial-sim,adaptive-dp,1,20261818,0.68588,7.632414,3,0.42029,62
P2-E2,financial-sim,static-dp,3,20261818,0.720805,3.008339,2,0.434537,60
P2-E2,financial-sim,adaptive-dp,3,20261818,0.68588,7.632414,3,0.42029,62
P2-E2,financial-sim,static-dp,6,20261818,0.728051,5.993563,2,0.436993,59
P2-E2,financial-sim,adaptive-dp,6,20261818,0.687555,8.004064,2,0.423974,62
P2-E2,financial-sim,static-dp,10,20261818,0.730024,9.995506,11,0.441169,58
P2-E2,financial-sim,adaptive-dp,10,20261818,0.680943,10.465998,2,0.42422,60
P2-E2,financial-sim,no-dp,0,20261919,0.730414,0,8,0.555261,52
P2-E2,financial-sim,static-dp,1,20261919,0.698809,1.033895,23,0.497126,60
P2-E2,financial-sim,adaptive-dp,1,20261919,0.698809,7.632414,23,0.497126,61
P2-E2,financial-sim,static-dp,3,20261919,0.721508,3.008339,22,0.530283,58
P2-E2,financial-sim,adaptive-dp,3,20261919,0.698809,7.632414,23,0.497126,60
P2-E2,financial-sim,static-dp,6,20261919,0.7221,5.993563,17,0.53824,60
P2-E2,financial-sim,adaptive-dp,6,20261919,0.697889,8.004064,22,0.498232,64
P2-E2,financial-sim,static-dp,10,20261919,0.721885,9.995506,17,0.54244,60
P2-E2,financial-sim,adaptive-dp,10,20261919,0.695484,10.465998,14,0.498895,62
