condition,learner,seed,pehe,cate_rank_corr,value_learned_policy,value_treat_all,value_treat_none,fraction_treated_by_policy,value_oracle_policy,regret_vs_oracle
linear_low_confounding,linear,0,0.07428659967684874,0.9950457644403601,1.03067893909327,1.0051728820838415,0.02676858847705077,0.929,1.0394353323381247,0.008756393244854666
linear_low_confounding,linear,1,0.06951383220995494,0.9950413188150824,0.9531246552608746,0.9333637092245419,-0.03529743889125344,0.91675,0.9509690783001308,-0.0021555769607438657
linear_low_confounding,linear,2,0.08722375665203327,0.9935472039717,1.0656759344463071,1.042757696296696,0.023156332210573487,0.912,1.0695673886971124,0.003891454250805282
linear_low_confounding,linear,3,0.11244713274149629,0.9877153911072118,1.0550465420420505,1.020480935224969,0.03889505027765218,0.91825,1.053981445917325,-0.0010650961247256063
linear_low_confounding,linear,4,0.08547824017741179,0.9940778237548639,1.0483004338349662,1.0142103176945638,0.041838950959974454,0.909,1.053986675794728,0.005686241959761862
linear_low_confounding,linear,5,0.0693162232487658,0.9971859463866215,1.0491466591859684,1.0222639819159192,0.008892783179569198,0.919,1.050543829872681,0.0013971706867126343
linear_low_confounding,linear,6,0.10660671735901377,0.9897308131706757,1.0113529711020541,0.975405009033655,-0.004773449938307227,0.9015,1.0149984232647111,0.0036454521626569925
linear_low_confounding,linear,7,0.08069341496455407,0.9928789664924352,1.0172602546650173,0.9912655378184231,0.0025741646186537145,0.92175,1.0245594851327997,0.007299230467782358
linear_low_confounding,linear,8,0.09025648015769158,0.9915303893456493,1.0239569655210428,0.9947675919980229,-0.0004510622353584175,0.922,1.027456070898464,0.0034991053774211522
linear_low_confounding,linear,9,0.08388169941971275,0.9931101618818851,1.04477183227049,1.026120154844319,0.012969640980518645,0.92625,1.0411945283364894,-0.0035773039340005752
linear_low_confounding,linear,10,0.09458407832447868,0.990799379674961,0.9905578179471861,0.982602055294451,0.0147130935452331,0.9235,0.9918092536255504,0.0012514356783642766
linear_low_confounding,linear,11,0.10253526199966352,0.9892797637049852,1.0317049730495182,0.9988181565864463,-0.01984485864118673,0.92575,1.0300759919659177,-0.0016289810836005447
linear_low_confounding,linear,12,0.12148923600590283,0.9843346685834168,1.0803857467532743,1.0523151691060648,0.020363442957194357,0.93825,1.0773641476764446,-0.0030215990768296397
linear_low_confounding,linear,13,0.10169132803995655,0.9914035030252188,1.0339329530685304,1.0023774675188533,-0.007114121927480426,0.91225,1.0360018661228212,0.0020689130542907996
linear_low_confounding,linear,14,0.08661430992824325,0.991826434614152,1.069856038861571,1.0332998403726086,0.00319957925565127,0.9295,1.0688547227366207,-0.0010013161249502467
linear_low_confounding,linear,15,0.07031851183918873,0.9971236579452285,1.0621157885715837,1.0317610532035946,0.06830999718465591,0.91225,1.0613647846585283,-0.0007510039130553814
linear_low_confounding,linear,16,0.08531191498177378,0.9961522140095131,1.0066682683844346,0.9881050425733001,0.02430247056400636,0.914,1.0026368030676642,-0.004031465316770344
linear_low_confounding,linear,17,0.08395517043714855,0.9982425067026567,1.0026719091572642,0.970695256784871,0.03699922085510103,0.91725,1.0005199347946931,-0.002151974362571085
linear_low_confounding,linear,18,0.07457701860378889,0.9974363798397736,1.000804641046957,0.9818882699908154,-0.07111189461123402,0.9405,1.0019692878919535,0.0011646468449963976
linear_low_confounding,linear,19,0.09056121298499818,0.994388180711761,0.9851019941449453,0.9694036155938,0.022598873592099916,0.92525,0.983507370583616,-0.0015946235613292226
linear_low_confounding,linear,20,0.06687540712893128,0.9962319009519937,0.9431826369645637,0.9297683362341137,-0.03742162730104124,0.90625,0.9376311306119779,-0.005551506352585833
linear_low_confounding,linear,21,0.0838869256361308,0.9976159705384979,1.0722869342976324,1.0732253504636402,0.0015235316051149788,0.948,1.0680728568860018,-0.004214077411630601
linear_low_confounding,linear,22,0.07851575547796785,0.9943773045860815,1.048590329861555,1.0174233946889648,0.009051827183082669,0.91675,1.0504335731676286,0.0018432433060735498
linear_low_confounding,linear,23,0.08291599697824543,0.9977844629240287,1.0385294331153068,0.9844060392635565,-0.017754321445716575,0.9025,1.0325947065813663,-0.005934726533940449
linear_low_confounding,linear,24,0.04973249154774655,0.9986551728534482,1.0415506880810081,1.0197262107717695,-0.002542378478395845,0.931,1.0403435816761448,-0.0012071064048633229
linear_low_confounding,linear,25,0.0960312193737223,0.9892033859502114,1.0093001241312374,0.9792821160266292,-0.014485717903772208,0.9325,1.0019097911378347,-0.007390332993402637
linear_low_confounding,linear,26,0.05773378481768585,0.9965840165990009,1.0201857441409612,1.0071002340631587,-0.007195199942496263,0.92675,1.0224133297277969,0.0022275855868356675
linear_low_confounding,linear,27,0.05828484990721667,0.997569907035619,1.0344044249027393,1.0226653907292496,0.015192144629008699,0.936,1.044378028927173,0.009973604024433591
linear_low_confounding,linear,28,0.11964965400939924,0.9934923345307707,1.0646461008128616,1.047824911008111,-0.038500801781062265,0.9475,1.0673689774154074,0.0027228766025457762
linear_low_confounding,linear,29,0.08953638764672982,0.9916620001038748,1.027186130913969,1.015272486345931,0.022070478097216493,0.928,1.03333035058035,0.006144219666381012
linear_low_confounding,linear,30,0.10065473990398564,0.9911553910097118,1.0539907997464606,1.0399685281924007,0.016462955726243834,0.92075,1.058718988760398,0.004728189013937456
linear_low_confounding,linear,31,0.13284249763443845,0.9841507018219188,0.9783657758150901,0.9328886627937478,-0.03736363314788407,0.9005,0.9810478986725586,0.002682122857468494
linear_low_confounding,linear,32,0.09667578797372713,0.9924635073414692,1.081398430203497,1.058635433510337,-0.008102785130044317,0.93225,1.089668308794193,0.008269878590696056
linear_low_confounding,linear,33,0.0813534204748602,0.9964769209048074,1.0474443190020195,1.0249416864784688,-0.007428531724614686,0.9495,1.0476794681427113,0.0002351491406917816
linear_low_confounding,linear,34,0.07631831499334678,0.9977705041106563,0.983591514950031,0.9638524460000248,-0.02636341728145143,0.93975,0.9866184452796725,0.0030269303296414085
linear_low_confounding,linear,35,0.07834039882899227,0.9933053670190853,1.0645355775297691,1.0413447307253885,0.03316317364904654,0.9285,1.065222026829023,0.0006864492992537663
linear_low_confounding,linear,36,0.07223254891439732,0.995445729715358,1.007863156942006,0.977551959874985,-0.039339918506507796,0.915,1.0047126338539196,-0.0031505230880863877
linear_low_confounding,linear,37,0.10538879319019911,0.9911986470749155,1.0228327649620108,0.9812184631005949,0.015004572823395583,0.9035,1.0145186682254925,-0.008314096736518284
linear_low_confounding,linear,38,0.08819733268479135,0.9944865645929102,1.0609521273901268,1.048527653382327,-0.013206998037083438,0.9335,1.0693711806210926,0.008419053230965812
linear_low_confounding,linear,39,0.06177193019016288,0.9964908401556775,1.0198100440712439,1.0065954643731272,-0.013440144160079161,0.9265,1.022791539586778,0.0029814955155340606
linear_low_confounding,linear,40,0.10201065299313725,0.9947864532366532,0.9708024806454002,0.9510693027689857,0.0137677450353597,0.89625,0.9736847758604762,0.0028822952150759917
linear_low_confounding,linear,41,0.0937808146402687,0.9943834628364663,1.0585152538845655,1.0447911280034605,-0.036856916410884524,0.9445,1.0637613107248374,0.0052460568402719066
linear_low_confounding,linear,42,0.07172080104042464,0.995223169826448,1.0468550373610137,1.0203402870694365,0.04672591672917595,0.91725,1.045481750118392,-0.0013732872426217568
linear_low_confounding,linear,43,0.08811759523445756,0.9948426554276658,0.9746693824005754,0.9493388919542495,0.014192951362491706,0.918,0.9750307261602352,0.0003613437596597935
linear_low_confounding,linear,44,0.08568297358357328,0.9957556436097276,1.058144703084476,1.035422464060668,-0.02343751892228435,0.9275,1.0584979102403795,0.00035320715590358986
linear_low_confounding,linear,45,0.060669922893615974,0.9965704560356533,1.0335916603636577,1.0149464490307076,0.027226432595015164,0.93175,1.033270570359718,-0.00032109000393965026
linear_low_confounding,linear,46,0.047821895337844124,0.9979854713740918,0.9761493012380728,0.953174940012059,-0.010308451055068467,0.92,0.9783579718853698,0.0022086706472970175
linear_low_confounding,linear,47,0.07542231342762294,0.9949902657493915,1.0184707667411155,0.9884365254187591,-0.008054168632698379,0.91825,1.0185280553245484,5.7288583432901774e-05
linear_low_confounding,linear,48,0.10848477833557878,0.9958891036805688,0.9896089728777092,0.9478692299786055,-0.0029161691490472846,0.88175,0.9878428161676763,-0.0017661567100328845
linear_low_confounding,linear,49,0.08701148132520901,0.9927348881084304,1.003442933900125,0.9871465628413937,-0.036207582431507436,0.924,1.0068702738233735,0.003427339923248507
linear_low_confounding,linear,50,0.08401118300686158,0.9944338607771163,0.9987801142619765,0.9661003321941309,-0.005123102606605437,0.90475,1.0052849764526015,0.00650486219062496
linear_low_confounding,linear,51,0.07100980061689362,0.99732287952018,1.0347860905874045,1.011415984827129,-0.024388297963255142,0.931,1.0355587883966815,0.0007726978092770231
linear_low_confounding,linear,52,0.10720234225820492,0.9901190306324392,1.0231302817642864,1.002679223838306,0.028219157441304647,0.913,1.0243965216319872,0.0012662398677008024
linear_low_confounding,linear,53,0.08404185045288491,0.994604849725303,1.0753958304597455,1.0553003137931947,0.020111926716668806,0.9455,1.0776389363050647,0.002243105845319171
linear_low_confounding,linear,54,0.08126531518778393,0.9963080552067535,1.033365973353534,0.9968466188088213,-0.0031091686863476725,0.90775,1.0356691321178666,0.0023031587643325135
linear_low_confounding,linear,55,0.0735960991542937,0.9956929865433114,1.0246993977795755,0.995849685404526,-0.02110769819905857,0.91775,1.0201224983312673,-0.0045768994483081915
linear_low_confounding,linear,56,0.07526729363252406,0.9941437618839849,0.983543363783219,0.9615329243922907,-0.05630289590089235,0.92775,0.9866879450829763,0.003144581299757254
linear_low_confounding,linear,57,0.08176840818460528,0.9927126742320421,1.0216123167181017,1.0001381605793696,0.030159820501481735,0.9155,1.019780986409698,-0.0018313303084036558
linear_low_confounding,linear,58,0.09055886081490762,0.9915777117236069,1.0614200355984504,1.0428029418428542,0.031232176478063485,0.91925,1.0637698772547606,0.0023498416563101365
linear_low_confounding,linear,59,0.049681497349057586,0.9983902535243906,1.0470329386710304,1.0359164321581373,0.014272697362742158,0.924,1.0496105556676807,0.002577616996650267
linear_low_confounding,linear,60,0.08860889848085732,0.9914407517775469,0.9798892955942985,0.947698885018033,-0.018264014086682878,0.92075,0.9793255353426655,-0.000563760251632961
linear_low_confounding,linear,61,0.09174132612504535,0.9942902217056387,1.0647525499848245,1.0397355204378163,-0.006182431735954623,0.9475,1.0561020914774786,-0.008650458507345915
linear_low_confounding,linear,62,0.10962129307291436,0.9953991828374489,1.017148543180262,0.9953485805179743,-0.04264318333510467,0.918,1.0208467494529057,0.0036982062726436116
linear_low_confounding,linear,63,0.07600258211869272,0.9956900555431284,0.9535568751166374,0.9355767304534554,-0.021384219212113188,0.9155,0.9533287675883696,-0.0002281075282678513
linear_low_confounding,linear,64,0.07844163081433049,0.9940687286917955,1.0226125042286027,1.001304806853149,0.02251018105325651,0.925,1.033413519036729,0.010801014808126341
linear_low_confounding,linear,65,0.08014046102274731,0.9929325551207846,0.9828565079685816,0.942821426960302,-0.035648731563433005,0.913,0.9828432235381734,-1.3284430408155856e-05
linear_low_confounding,linear,66,0.1028867312080614,0.9937008727938045,1.0000380913360933,0.9727598071180702,0.0345520628072726,0.89975,1.000033301511959,-4.789824134432408e-06
linear_low_confounding,linear,67,0.07965574649537606,0.9974293225268327,1.0251582381043214,1.0038756682611212,-0.036491815884629346,0.9225,1.024580684407195,-0.0005775536971264206
linear_low_confounding,linear,68,0.10286564593590475,0.989510530656908,1.0289882248649587,1.002288506207957,-0.02113740993939908,0.92575,1.0283168058327241,-0.0006714190322345548
linear_low_confounding,linear,69,0.07667060765876822,0.995068882441805,1.0167393661186854,0.9963092639359745,-0.020346904162348703,0.93125,1.0174096405669881,0.000670274448302699
linear_low_confounding,linear,70,0.10267062385084684,0.9913041853940115,0.9656805041035215,0.9420403279039098,-0.05051454612253812,0.91,0.9695334494451184,0.0038529453415969694
linear_low_confounding,linear,71,0.0696833426890542,0.9951512061969502,1.001298645827682,0.9798166508169122,-0.0095363324798466,0.929,1.004292360892179,0.0029937150644969712
linear_low_confounding,linear,72,0.10432683079269317,0.9888555276784704,1.0081727174276465,1.0043984544656428,-0.013166917303055787,0.93025,1.0149999187510892,0.006827201323442722
linear_low_confounding,linear,73,0.0896376593901612,0.9950509325031832,1.0496484317612185,1.0135209506123297,0.07098147616627629,0.909,1.053737074087131,0.00408864232591255
linear_low_confounding,linear,74,0.08017345706116781,0.9953640802102549,0.9850430975056232,0.967767342516647,-0.010454363851838953,0.90725,0.9876944245787729,0.002651327073149634
linear_low_confounding,linear,75,0.07987983713994212,0.9947666033604126,1.0160104379183261,0.9972952095506111,-0.017706705089246433,0.91075,1.0170923553545128,0.0010819174361866857
linear_low_confounding,linear,76,0.07816760430836706,0.9940758606297412,1.0162336381104928,1.0027717825467317,-0.01464271242630727,0.93,1.0137182064133246,-0.00251543169716828
linear_low_confounding,linear,77,0.0895072315797821,0.9914233635889601,1.0485109672918973,1.0215156520632191,0.04707916435295412,0.91925,1.0390105064523176,-0.009500460839579672
linear_low_confounding,linear,78,0.04684821945859504,0.997818274613642,0.9932430235758903,0.9666268904321164,-0.023192742372659357,0.924,0.995649581419498,0.0024065578436076596
linear_low_confounding,linear,79,0.09293525752492167,0.9905239543452471,1.010282955808443,0.9859212576937152,-0.01298980159749387,0.92825,1.0106642849946594,0.0003813291862164725
linear_low_confounding,linear,80,0.08390026581641302,0.9930668476916779,1.0675183058009765,1.0403956422055411,0.02315965753401147,0.923,1.0723723323854906,0.0048540265845140596
linear_low_confounding,linear,81,0.0734221740749902,0.9969886719992921,1.0586370439332842,1.0446601318688176,0.011802754157664323,0.91175,1.0623888402876485,0.0037517963543642896
linear_low_confounding,linear,82,0.05992217019174856,0.9968321603020098,1.0338248018155578,1.0138542187344346,0.0098339418774688,0.927,1.0319600227829047,-0.001864779032653141
linear_low_confounding,linear,83,0.062030593612736495,0.9966830055426877,1.0426058716145339,1.0160886250882195,0.0008946540401758459,0.922,1.0431974863630893,0.0005916147485554024
linear_low_confounding,linear,84,0.07694960737241001,0.9962021792001361,1.0713091981107283,1.047394948458925,-0.0035662149878685698,0.9255,1.0761425204537804,0.0048333223430521155
linear_low_confounding,linear,85,0.09704738430848767,0.9943192277699516,1.115113998244628,1.0981327806897199,0.01497564395861176,0.93825,1.1180776312452336,0.0029636330006055367
linear_low_confounding,linear,86,0.09233272906761497,0.9937579813598737,1.0795738714059593,1.055666290677454,-0.0027905089167071396,0.93425,1.0798215230087145,0.0002476516027551945
linear_low_confounding,linear,87,0.13223811580450848,0.9863846725865419,1.0143819525673885,0.9807048055160746,0.046173119111208805,0.91025,1.0153380441043283,0.0009560915369397627
linear_low_confounding,linear,88,0.0606261884286614,0.9969529382470586,1.0183448325013802,0.9973867781885402,-0.018301032809898594,0.93025,1.0267665252922642,0.008421692790884006
linear_low_confounding,linear,89,0.08770387426160269,0.9927694713605919,1.063468471034219,1.0424504150808436,0.0062407361789804,0.93325,1.0636380695666912,0.00016959853247211498
linear_low_confounding,linear,90,0.08333459845796583,0.9927265964829122,1.0095938121976022,0.9762844462823814,-0.022586668977702118,0.91975,1.014309417610858,0.0047156054132557745
linear_low_confounding,linear,91,0.058061971317968634,0.9963619307101206,1.0597512205801423,1.0285357878303936,0.027014420025655784,0.9285,1.0598400449266412,8.882434649892801e-05
linear_low_confounding,linear,92,0.09495523713128463,0.995917697994856,1.0868815482108958,1.0669392876955792,-0.006590046331789402,0.93125,1.086841102855757,-4.0445355138807315e-05
linear_low_confounding,linear,93,0.052174456716923584,0.9971487006342937,1.038158891858332,1.0091677828870926,0.010023375848677072,0.92175,1.0396689396541423,0.001510047795810321
linear_low_confounding,linear,94,0.07141139177430007,0.9963183172698948,1.0117155731088683,0.9973433645150221,-0.02084404436868887,0.919,1.0150214825646842,0.003305909455815881
linear_low_confounding,linear,95,0.12645664031909307,0.9947240901702554,1.0604681608730602,1.0258698048335202,-0.009692213210189492,0.8995,1.0623131138513977,0.001844952978337533
linear_low_confounding,linear,96,0.05622366680817114,0.9968681419292588,0.9977578130685616,0.9774553432560106,-0.013190846831221627,0.931,0.9998037869026373,0.002045973834075676
linear_low_confounding,linear,97,0.07611385963038497,0.9964738858421177,1.0632249005892709,1.0492113192765717,0.006907173266601788,0.9305,1.0682788734390425,0.005053972849771604
linear_low_confounding,linear,98,0.12339827278965362,0.9893983915873993,1.0146803564860025,0.9856392248718132,0.06470368558847737,0.9135,1.016622907346849,0.0019425508608463815
linear_low_confounding,linear,99,0.06435256527075116,0.9974840170302509,0.9840789032871794,0.9566593256028683,-0.0191029977691376,0.906,0.984829621316835,0.0007507180296556504
linear_moderate_confounding,linear,0,0.069209426891051,0.9961485345092833,1.0394855623120285,1.0115856544443946,0.0404332443544708,0.93675,1.050870715450695,0.011385153138666615
linear_moderate_confounding,linear,1,0.061405343910455844,0.9968025741126607,0.9500655164986039,0.9182720469010344,-0.05290512055727059,0.91,0.9496120269877578,-0.00045348951084611677
linear_moderate_confounding,linear,2,0.09902096811366516,0.9922593800162111,1.054523084574807,1.0363590371128222,0.02395603694332666,0.90675,1.0605142548632946,0.005991170288487613
linear_moderate_confounding,linear,3,0.11513618297355009,0.988007442062965,1.082034326265711,1.0346417337107319,0.030849653383119725,0.91475,1.0692249732333512,-0.01280935303235986
linear_moderate_confounding,linear,4,0.09496514453064013,0.9916090169130636,1.0621362636762897,1.0310982235950659,0.010313518905824054,0.9145,1.0612133729052757,-0.0009228907710139289
linear_moderate_confounding,linear,5,0.10124164615442117,0.9945861254116326,1.0575813724338896,1.0310986184380437,0.0003107593894533789,0.92175,1.0617663840544986,0.004185011620609025
linear_moderate_confounding,linear,6,0.11121916375343129,0.9896134533508407,1.0074561893513954,0.9673557452502792,-0.01153569543841089,0.89875,1.0092487840480155,0.0017925946966201867
linear_moderate_confounding,linear,7,0.073682445856068,0.9940119308132456,1.0236465828295072,0.9813242343715617,0.010236726305782944,0.9245,1.0211767328193038,-0.0024698500102033893
linear_moderate_confounding,linear,8,0.10882912278228088,0.9893322721457668,1.0259862149152361,0.9880341244060601,0.011243316302762763,0.918,1.024166768230024,-0.0018194466852121671
linear_moderate_confounding,linear,9,0.07267396278514712,0.9946800008549999,1.0291175712825802,1.0174235656313968,0.0438965154078277,0.92125,1.0274537179449756,-0.0016638533376045483
linear_moderate_confounding,linear,10,0.07029969338000054,0.9948352660522042,1.009427657410132,0.9891868396688123,0.01960283174552887,0.921,1.010938690683848,0.0015110332737160448
linear_moderate_confounding,linear,11,0.0906660834511838,0.993751151484447,1.025669528446549,1.0059316345053324,-0.03654341912132747,0.93,1.0275191957454208,0.0018496672988719265
linear_moderate_confounding,linear,12,0.08749718634180899,0.992089006443063,1.0703390453824964,1.040006621661005,0.005059165296267829,0.93725,1.0703190069253652,-2.0038457131166254e-05
linear_moderate_confounding,linear,13,0.10816109527437566,0.9887984196749012,1.0422419611559925,1.0035518618946295,-0.0008449529420127462,0.91625,1.047100159605135,0.004858198449142481
linear_moderate_confounding,linear,14,0.07438989947343941,0.9948392958024558,1.0713815579383428,1.0416298954111585,0.0002650850366839812,0.937,1.0756503033912026,0.004268745452859823
linear_moderate_confounding,linear,15,0.08598885670620372,0.9941620453851279,1.0636453778269852,1.0242004302146002,0.05946142369578618,0.91375,1.0614126307810667,-0.0022327470459184706
linear_moderate_confounding,linear,16,0.07925888703427632,0.9939610686225666,1.0188937076898454,1.002785789895998,-0.0014156892706062862,0.92475,1.014462126340191,-0.00443158134965449
linear_moderate_confounding,linear,17,0.09637259845584978,0.9958202921137682,1.0042140365032453,0.9871591472616573,0.03873333446915564,0.924,1.004833791523115,0.0006197550198696611
linear_moderate_confounding,linear,18,0.07722096629597294,0.9952094030130877,0.99548220897696,0.9716393847037937,-0.059827607571897284,0.9365,0.99441799719037,-0.001064211786589997
linear_moderate_confounding,linear,19,0.09807173884953084,0.9935558955347433,0.9862943454465396,0.9665150863168588,0.041611488485494987,0.92375,0.9823680195142656,-0.003926325932274044
linear_moderate_confounding,linear,20,0.06465819893178829,0.9958360139897509,0.9634823446148711,0.9403584787289897,-0.06106430466811473,0.91825,0.9602671418931118,-0.003215202721759347
linear_moderate_confounding,linear,21,0.09327158665631147,0.9941012734438295,1.0775643682457487,1.0714753366061447,0.02299746813252166,0.943,1.0702922817570788,-0.007272086488669949
linear_moderate_confounding,linear,22,0.06467403570413924,0.9956789202924323,1.0630589978555405,1.0287719485108786,-0.00698446115590027,0.9275,1.0631671489064798,0.0001081510509393091
linear_moderate_confounding,linear,23,0.04969077748393555,0.9979108806819299,1.0169790549487543,0.9695201111713204,0.0006504592821874873,0.91175,1.0124326420992562,-0.004546412849498083
linear_moderate_confounding,linear,24,0.06766077832955666,0.9970159138759945,1.0493028551675176,1.024048598472913,-0.00230762058293827,0.93675,1.043469317238039,-0.005833537929478716
linear_moderate_confounding,linear,25,0.07771926719778997,0.9931115771319735,1.002061689510393,0.9752706515154081,-0.017611200098935298,0.92525,1.0041979391550298,0.0021362496446366563
linear_moderate_confounding,linear,26,0.059099740306650606,0.9962592107037006,1.0286628575840835,1.0104349784519682,-0.009507373022036206,0.92325,1.0271602008037888,-0.0015026567802947088
linear_moderate_confounding,linear,27,0.07459431862336938,0.9953916543369783,1.031116536351618,1.0203890489707952,0.025385978291642578,0.9345,1.041827752413035,0.010711216061417117
linear_moderate_confounding,linear,28,0.08386093733527768,0.9968056404878525,1.0476418917011248,1.0166025589261054,-0.02688020195183229,0.93275,1.0500667673912334,0.00242487569010863
linear_moderate_confounding,linear,29,0.06289062945893044,0.997045856502866,1.0297679074132553,1.0266981740824486,0.033309852052714646,0.93725,1.0352954491257478,0.005527541712492479
linear_moderate_confounding,linear,30,0.10117942271864593,0.9890222703138918,1.0621028826936119,1.0447531007130177,0.016013937999662425,0.9215,1.0654351946114273,0.003332311917815467
linear_moderate_confounding,linear,31,0.10050022570745147,0.990458496966156,0.9731863306438489,0.9184485622638353,-0.04184640637993656,0.9065,0.9796134355244938,0.006427104880644907
linear_moderate_confounding,linear,32,0.061707241754387465,0.9963150007696874,1.057990966205709,1.0317867855898237,0.007435629991127245,0.93375,1.0634017690920072,0.005410802886298249
linear_moderate_confounding,linear,33,0.09763904993872194,0.99368176316761,1.0436393907173511,1.0201482360564909,-0.003885354101856003,0.95075,1.0395714608430648,-0.00406792987428628
linear_moderate_confounding,linear,34,0.10585302585589401,0.9955848567865534,0.9915883820895485,0.976451178468539,-0.03359822628826355,0.948,0.9954398016656935,0.0038514195761449876
linear_moderate_confounding,linear,35,0.07588421929134405,0.993854016428376,1.0835298255035541,1.0516648196441087,0.026611181250641627,0.92575,1.0807473278941357,-0.0027824976094183995
linear_moderate_confounding,linear,36,0.06506555731038428,0.9983301185206324,1.002277083188469,0.9673897518114618,-0.057088338575097486,0.91225,1.0016854863067215,-0.0005915968817475914
linear_moderate_confounding,linear,37,0.10807972074187255,0.9911487103842943,1.0318316363692535,0.9812142830362472,-0.004895448471805443,0.90075,1.026321282695597,-0.005510353673656487
linear_moderate_confounding,linear,38,0.10681444886544667,0.9916866593554162,1.0726157253756297,1.0598551359131898,-0.02081888030231702,0.92525,1.0799251848552402,0.007309459479610592
linear_moderate_confounding,linear,39,0.054052274125075336,0.997327777582986,1.0280584460292963,1.0006343416879966,-0.014253549310245308,0.92425,1.0297657927378105,0.0017073467085142457
linear_moderate_confounding,linear,40,0.10948275365333088,0.9945666848479177,0.9763845052356057,0.9563086384076747,0.032736050705969515,0.9025,0.9759289576558969,-0.00045554757970878157
linear_moderate_confounding,linear,41,0.07962143953894821,0.9970981924436371,1.061947286964743,1.0485707175560044,-0.02635452802322815,0.94375,1.0668827673403416,0.004935480375598544
linear_moderate_confounding,linear,42,0.0710894524171779,0.9952048390753022,1.053464216641229,1.0265577288223335,0.02619388747160769,0.91825,1.0570679213371745,0.00360370469594562
linear_moderate_confounding,linear,43,0.08355322095147093,0.9946292449768276,0.9862942730669506,0.967982457879063,0.010737734795080025,0.927,0.9922558571157973,0.005961584048846724
linear_moderate_confounding,linear,44,0.09163159405928593,0.9963776756486045,1.0708132932241317,1.0396421432306395,-0.027114978018400664,0.93025,1.0726974503463553,0.001884157122223673
linear_moderate_confounding,linear,45,0.054836214612793525,0.9968494598030911,1.0465004273436593,1.0150847197439266,0.026304881807259727,0.93025,1.0334453503815102,-0.013055076962149137
linear_moderate_confounding,linear,46,0.07335620335908719,0.9970066905629182,0.9551828345635051,0.9356838157566171,-0.005531650731490899,0.904,0.9654365470394568,0.010253712475951748
linear_moderate_confounding,linear,47,0.06099752450343358,0.9963962583997661,1.009656529730455,0.9929693934297491,-0.0049871107820884325,0.92475,1.015822576167362,0.006166046436907102
linear_moderate_confounding,linear,48,0.0827269650605762,0.9950056315628519,0.9974319031869955,0.9684251673356619,-0.017887736417867315,0.90175,0.9972626904180321,-0.00016921276896342263
linear_moderate_confounding,linear,49,0.07163479569006886,0.9949044751190297,1.0229937802458062,0.9988450174617626,-0.03951385629676869,0.9315,1.018827391114984,-0.0041663891308221235
linear_moderate_confounding,linear,50,0.0676306499432589,0.9962298195143636,1.0046448738802678,0.9805171305702217,0.0009299053100139538,0.90925,1.0152369409324111,0.010592067052143328
linear_moderate_confounding,linear,51,0.08737738113686469,0.992668434541777,1.019437553033837,0.9999655224768356,0.007807150614094267,0.93625,1.0177523216134812,-0.001685231420355926
linear_moderate_confounding,linear,52,0.12808238212645717,0.9878047478002966,1.0328103673920486,0.993781279585799,-0.00013036114137014287,0.905,1.0230736955662623,-0.009736671825786303
linear_moderate_confounding,linear,53,0.052932359969252094,0.9972799365799959,1.0556777732370466,1.0363205434465126,0.024857824023299238,0.92425,1.0548226566551726,-0.0008551165818739825
linear_moderate_confounding,linear,54,0.06774222501872727,0.9967522824845175,1.0237482911864224,0.9848429874518643,0.010982308697014349,0.91325,1.0190820138575598,-0.0046662773288626
linear_moderate_confounding,linear,55,0.10334855246316628,0.9900061950003872,1.0188839749605045,0.9859140209218449,-0.024157105277006884,0.915,1.0176793767311731,-0.0012045982293313884
linear_moderate_confounding,linear,56,0.05912474963095433,0.9964227605889225,0.978353118368031,0.9506140826510273,-0.045531077875451166,0.9225,0.981313820802271,0.00296070243424007
linear_moderate_confounding,linear,57,0.08797259247292105,0.9929732763733295,1.0236114355099095,1.0045618443238338,0.051719842754923334,0.918,1.0264985392356833,0.002887103725773832
linear_moderate_confounding,linear,58,0.08951298393743182,0.9914832925302057,1.0700994374575898,1.0569264651450803,0.012657167247332004,0.92425,1.0750582451817534,0.004958807724163572
linear_moderate_confounding,linear,59,0.06865407658372759,0.995411745525734,1.021199492499934,1.0122157589337548,0.022715261423491517,0.921,1.0347519639728617,0.013552471472927818
linear_moderate_confounding,linear,60,0.10220169035204965,0.9897223421076463,0.9825780607405082,0.9585181708302013,-0.010808082139491058,0.92425,0.9809707485257182,-0.0016073122147900465
linear_moderate_confounding,linear,61,0.1170733478771513,0.9914350986521934,1.0567612274762264,1.0560252675978832,-0.019350802326682175,0.94825,1.0535739057547473,-0.003187321721479064
linear_moderate_confounding,linear,62,0.0958530050380108,0.9972369208898075,1.0011367683719588,0.9792758305050522,-0.035891371312346425,0.91925,1.0070581006424568,0.00592133227049807
linear_moderate_confounding,linear,63,0.07186157566921181,0.9953378272086142,0.9522094283374887,0.9392233503218359,-0.03450520136049216,0.919,0.9520656482704245,-0.0001437800670641698
linear_moderate_confounding,linear,64,0.09699932465972019,0.9908442834902677,1.0507752486703437,1.0165884353362566,0.010556563441615801,0.912,1.059994760923085,0.009219512252741424
linear_moderate_confounding,linear,65,0.08727790785685524,0.9923324778332796,1.0015240297011034,0.9695695140647776,-0.0644104484378582,0.92325,1.0083510752096263,0.0068270455085228665
linear_moderate_confounding,linear,66,0.09780417344376863,0.9928308646769288,1.0004810494128291,0.9686272701595766,0.03425918520261369,0.90775,1.0006169447136941,0.00013589530086499657
linear_moderate_confounding,linear,67,0.0735301704466041,0.9966207521637969,1.0142068683566081,0.995280711507356,-0.029239084137481556,0.92025,1.0131380115632027,-0.0010688567934054038
linear_moderate_confounding,linear,68,0.11125776972897088,0.9897021851063864,1.0313526454878974,1.021822325392378,-0.017380257531120314,0.9465,1.0310553947233811,-0.00029725076451625476
linear_moderate_confounding,linear,69,0.08021193617323491,0.9957294048580876,1.0241312097657889,1.0095807825217635,-0.026577973131025986,0.93425,1.0244001446803654,0.0002689349145765796
linear_moderate_confounding,linear,70,0.06819367217750297,0.9958618696788668,0.9716329852063736,0.9421390216691948,-0.04997277101150167,0.9215,0.971510425491716,-0.00012255971465768845
linear_moderate_confounding,linear,71,0.08129223844893207,0.9930496858156054,0.9870654709060448,0.9534220260913013,-0.011340378608336768,0.916,0.9878726094447502,0.0008071385387053986
linear_moderate_confounding,linear,72,0.1257501597619054,0.9846780816048801,1.0211646990525969,1.0187468547479956,-0.03409949621984841,0.93425,1.027789370780101,0.006624671727504028
linear_moderate_confounding,linear,73,0.06179537036503215,0.996097059756066,1.0713609557398318,1.0350932020153614,0.04463520336064026,0.921,1.0706294738685416,-0.0007314818712902404
linear_moderate_confounding,linear,74,0.05267026409876355,0.9978809292425579,0.9981548688517081,0.9777905957236848,0.000533413560554198,0.91425,0.9989000003883678,0.0007451315366596711
linear_moderate_confounding,linear,75,0.08909829296673029,0.994588945974309,1.0102300814752327,0.9922727524235231,-0.007735585031977831,0.903,1.014455093180159,0.004225011704926285
linear_moderate_confounding,linear,76,0.09341956959551713,0.9909332059333251,1.0142945094848796,0.9997420696890038,0.0014780521553858339,0.92825,1.0130522365052939,-0.00124227297958579
linear_moderate_confounding,linear,77,0.06802889932956967,0.9957645691727856,1.0392675589871578,1.0169094714349858,0.04276679714905927,0.91475,1.0388662202320247,-0.00040133875513315154
linear_moderate_confounding,linear,78,0.07990228230977225,0.9946934764808423,0.9890711090575018,0.9666276109925496,-0.022936183178878834,0.9215,0.9940068459900363,0.0049357369325344624
linear_moderate_confounding,linear,79,0.09181476582606558,0.9910122679382667,1.0178677458147276,0.9961000190036169,-0.031231881726621658,0.93075,1.0147038914892654,-0.0031638543254621787
linear_moderate_confounding,linear,80,0.0724421268038161,0.9949900705618794,1.0621092893058488,1.034744164360312,0.03521886004383119,0.922,1.067107145804929,0.004997856499080244
linear_moderate_confounding,linear,81,0.07654098002662664,0.996127538445471,1.0739838265722514,1.0502976897796097,0.011062257245132908,0.91425,1.0677079871613826,-0.006275839410868844
linear_moderate_confounding,linear,82,0.07582114824580027,0.9938034810502175,0.9909435050015497,0.97313073391529,0.01730736460483521,0.91675,1.025796036037575,0.03485253103602537
linear_moderate_confounding,linear,83,0.08670934079412683,0.9930288543768032,1.037574098086982,1.0106901708376044,-0.00518185782253314,0.9285,1.0388552689232207,0.0012811708362385765
linear_moderate_confounding,linear,84,0.06149668978547553,0.9979534339970896,1.0578229600046547,1.036841189725932,0.013620373073594465,0.9215,1.063266707731133,0.005443747726478376
linear_moderate_confounding,linear,85,0.08186615732488194,0.9934572424035775,1.0991327581578825,1.0744622647173283,0.03379893246648538,0.92875,1.102723181699257,0.003590423541374621
linear_moderate_confounding,linear,86,0.10239625577381728,0.9934100846506301,1.0933216747296328,1.0563620905734452,-0.008956847711279884,0.93525,1.0964176968984365,0.0030960221688036693
linear_moderate_confounding,linear,87,0.11246000525414908,0.9932965892060367,1.013225772601859,0.9807064346238583,0.04429882262295602,0.9135,1.013324830547556,9.905794569697868e-05
linear_moderate_confounding,linear,88,0.06502323498006696,0.9976193249137078,1.025747811009227,1.014384410871802,-0.028997097738358433,0.93475,1.0321920238115874,0.006444212802360294
linear_moderate_confounding,linear,89,0.07195613834162481,0.9959026753064171,1.0765340491493889,1.0468083283336422,0.0056198280776921265,0.9285,1.0756814831965562,-0.0008525659528326734
linear_moderate_confounding,linear,90,0.0718510483005076,0.9953491568968222,0.9993425724305367,0.9583154645340938,-0.03473039060981365,0.9155,1.00237556632654,0.0030329938960032
linear_moderate_confounding,linear,91,0.06316143788829955,0.9957080397942523,1.0770830848968247,1.0487583705223533,0.022741114011520278,0.93225,1.0736248227379186,-0.0034582621589061002
linear_moderate_confounding,linear,92,0.11091262583865623,0.9926666789791673,1.0771137214644975,1.0637209170751114,-0.016466191872398454,0.93925,1.0825723133331722,0.0054585918686747
linear_moderate_confounding,linear,93,0.05079011655164139,0.9978904302431518,1.036808407992447,1.012009546006857,-0.00657083903276102,0.92175,1.0377736256985284,0.0009652177060814893
linear_moderate_confounding,linear,94,0.06544485922369914,0.9965015955313496,1.010521006379169,0.9947491610813377,-0.008306938319492217,0.92,1.0090020232390695,-0.0015189831400994613
linear_moderate_confounding,linear,95,0.12575443045413098,0.9940773154423321,1.0495729602069226,1.0004021038888895,-0.012355018483313331,0.8985,1.044598522888984,-0.004974437317938563
linear_moderate_confounding,linear,96,0.09418934887548447,0.9917290956705683,0.9793681939322169,0.9579796055359511,-0.01939121674139971,0.9135,0.9863002562389914,0.006932062306774567
linear_moderate_confounding,linear,97,0.08217871116295528,0.9964545112784068,1.065415753222904,1.0524898548159418,0.00038545633705523485,0.92675,1.0689094034678155,0.0034936502449114393
linear_moderate_confounding,linear,98,0.1131261247632282,0.9890790081924379,1.0279632949334785,1.0035814184759162,0.06542082013482974,0.90975,1.0301288282781011,0.002165533344622661
linear_moderate_confounding,linear,99,0.078369705807171,0.9953969097748068,0.9920726479008168,0.972337816695243,-0.021296925692099684,0.90575,0.9906655740891028,-0.0014070738117140102
linear_high_confounding,linear,0,0.11004204643627752,0.9905857455366089,1.0412507785118856,1.0280494497571355,0.012668251908913157,0.9455,1.0458768408060355,0.0046260622941498575
linear_high_confounding,linear,1,0.06930847466541491,0.9947367814835486,0.9667713841205491,0.9372379559865803,-0.07516012407174279,0.92125,0.9627101059766078,-0.004061278143941305
linear_high_confounding,linear,2,0.09795918864779646,0.9909773012485812,1.0510978418447352,1.0857065989119485,0.025787187716804192,0.9075,1.0638782685281953,0.012780426683460133
linear_high_confounding,linear,3,0.08485656871159898,0.9944708115919256,1.0769073286942503,1.070638367172934,0.05361316952607136,0.921,1.0738908306408994,-0.0030164980533509134
linear_high_confounding,linear,4,0.14011915710230716,0.9787875086742193,1.0661617081578572,1.0388246886039116,0.037526509733502265,0.929,1.0611210920345715,-0.005040616123285657
linear_high_confounding,linear,5,0.1284447266221192,0.9917193019824564,1.0418536382171442,0.9955430531245132,-0.02727057652227708,0.92425,1.042397022308155,0.0005433840910107346
linear_high_confounding,linear,6,0.09008020195764763,0.9932541821408863,1.0232683680938384,0.9529909655599149,-0.021057317426596847,0.9055,1.0183813490900693,-0.004887019003769089
linear_high_confounding,linear,7,0.12921440783471985,0.9912658026416127,0.9595965680001991,0.8918976701807062,0.052500069454027964,0.915,0.9583464700463467,-0.001250097953852447
linear_high_confounding,linear,8,0.071327945532254,0.9948210149263131,1.0436330634316082,1.0140890460920275,-0.0364438159864047,0.92925,1.0469199620057763,0.0032868985741680845
linear_high_confounding,linear,9,0.05451433590692685,0.9970816219426012,1.0593945051678728,1.0337726276482664,0.04058922356729781,0.91325,1.0596012315700607,0.00020672640218788452
linear_high_confounding,linear,10,0.06422117042555194,0.9957724085482755,0.989924921440658,0.9959538139759831,0.005665240850794417,0.92575,0.9889501992547162,-0.0009747221859418564
linear_high_confounding,linear,11,0.08750535493234897,0.9930058031253625,1.0200890471601538,0.975998406600137,-0.02924222372867831,0.91975,1.0167060480365302,-0.003382999123623609
linear_high_confounding,linear,12,0.09842608225501494,0.9908710459294403,1.0391571312358883,1.031908206777577,0.005751496378913439,0.94025,1.0627691267158317,0.023611995479943415
linear_high_confounding,linear,13,0.10353787511515794,0.9902630379539398,1.021543085382336,1.008626907135688,0.0064378414182825455,0.9315,1.0399774590155617,0.018434373633225754
linear_high_confounding,linear,14,0.062064809990540946,0.9968737164921073,1.1097816161767509,1.0609457381832963,-0.03809710719959349,0.934,1.1092679675812978,-0.0005136485954531089
linear_high_confounding,linear,15,0.12054569994320478,0.9849688884980553,1.0893091829154815,1.0716962886325245,0.014972880452740919,0.93075,1.087112007299154,-0.0021971756163274847
linear_high_confounding,linear,16,0.09691465335867715,0.994631410601963,1.005432876323247,0.9792182992268401,-0.011087502319159932,0.909,0.9780704512637723,-0.027362425059474615
linear_high_confounding,linear,17,0.14259814120314762,0.9884297708393607,1.042944169758531,1.0408092549154757,0.1083080066263197,0.945,1.044997033866071,0.002052864107539909
linear_high_confounding,linear,18,0.07782270612670328,0.9947282605455162,0.9684665604362188,0.9435498790849518,-0.06315412245590583,0.93475,0.966030582180446,-0.002435978255772797
linear_high_confounding,linear,19,0.09170737868801015,0.9911378846961179,1.0296967637296675,1.0283789111604933,0.03486053317573959,0.919,1.0371208425792944,0.007424078849626925
linear_high_confounding,linear,20,0.06034666488621957,0.9966657975416123,0.9808645717889779,0.9200049465620337,-0.03944103582009798,0.91125,0.9773611956340955,-0.003503376154882387
linear_high_confounding,linear,21,0.07481549423803975,0.994646303727894,1.0762561596264082,1.0570225920337726,0.10111119342182537,0.934,1.0653756365534377,-0.010880523072970494
linear_high_confounding,linear,22,0.07342493308449118,0.9945794232237137,1.0516166426361373,1.0163500002217907,0.021448624426751182,0.92875,1.0714827907763749,0.01986614814023757
linear_high_confounding,linear,23,0.05471010846332983,0.9975522540970159,1.0009618392752013,0.9752698862066729,0.0038461128149767207,0.9275,1.0016519506774026,0.0006901114022013211
linear_high_confounding,linear,24,0.06975133648117399,0.9954512810282049,1.0205173454906926,0.9644094824943491,0.007537652467873523,0.924,1.0269046028640187,0.006387257373326127
linear_high_confounding,linear,25,0.06985191329776441,0.9950883931305244,1.0220652004527653,0.9590688434121833,0.019113078672652273,0.933,1.0159460622890952,-0.006119138163670046
linear_high_confounding,linear,26,0.08536772157469605,0.992570149473134,1.03111481531624,1.0306102990821742,-0.027212971318575786,0.92675,1.0314040897143162,0.00028927439807624467
linear_high_confounding,linear,27,0.0665502494729556,0.9955730410983149,1.0116082606061731,1.0105044625887845,-0.015259326424029381,0.9265,1.0128191979292651,0.0012109373230919651
linear_high_confounding,linear,28,0.07184017569590515,0.996974450498403,1.0019897886569746,0.983799648958653,0.0308352298275205,0.924,1.003716277401612,0.0017264887446373223
linear_high_confounding,linear,29,0.07544950020337414,0.9956376627898538,1.0391832431822203,1.0411539391216484,-0.009275775526576746,0.9435,1.0445287134744823,0.005345470292261956
linear_high_confounding,linear,30,0.09820463676559939,0.9919316851207303,1.0720210179205591,1.0404839677293949,0.02576041307534765,0.91425,1.0762274231236888,0.004206405203129648
linear_high_confounding,linear,31,0.11287368799361756,0.9882179698886229,0.9457890866161442,0.8958996779174879,-0.03429312735972292,0.904,0.9478094371152834,0.0020203504991391785
linear_high_confounding,linear,32,0.09076862171650849,0.9922674916417181,1.054722919230174,1.0120177828995824,0.020048474890213087,0.93025,1.0550640174944117,0.00034109826423778244
linear_high_confounding,linear,33,0.07446678725370415,0.9965564368472772,1.0283545526685263,1.0208139213094083,0.01975335223084083,0.94775,1.0286991303106356,0.00034457764210937825
linear_high_confounding,linear,34,0.09656142397980966,0.9955432670339539,1.008352059525063,0.9699913570742082,-0.025833817819639657,0.93075,1.0060644232082983,-0.002287636316764763
linear_high_confounding,linear,35,0.08288376965803253,0.9934107652756727,1.0378881066198453,0.9900816528635258,0.04086592237003093,0.9155,1.0375618068711605,-0.0003262997486848107
linear_high_confounding,linear,36,0.06365437727017155,0.9966609390413087,0.9410804972007422,0.9407987274912278,-0.06205753395474033,0.929,0.9524068556257099,0.011326358424967764
linear_high_confounding,linear,37,0.10465989564139395,0.9926998357312395,1.0435639082840662,0.9901486413708858,-0.10135619982445852,0.9015,1.0361449135496879,-0.007418994734378348
linear_high_confounding,linear,38,0.10065806780161062,0.9901836733239794,1.0495854114826793,1.0248679552851012,0.022988251963456264,0.913,1.0491954000001364,-0.00039001148254280693
linear_high_confounding,linear,39,0.06693550046031907,0.9955428250964266,1.036885498091331,1.0072491043851344,-0.0355221690835895,0.9315,1.0390366651426022,0.0021511670512712744
linear_high_confounding,linear,40,0.11989925446206903,0.9947205522325345,1.014612738618476,0.988170231001975,0.04956382037307541,0.899,1.0130523187972593,-0.0015604198212166853
linear_high_confounding,linear,41,0.10942408609952603,0.992816735238546,1.0882194674963417,1.0705618278450892,-0.04359478198721769,0.93675,1.086593612565634,-0.0016258549307077708
linear_high_confounding,linear,42,0.07358162677245361,0.9944256460266027,1.027679360512532,1.0220340786885487,0.07906325573398582,0.91525,1.0485434090341206,0.02086404852158852
linear_high_confounding,linear,43,0.11713327651756131,0.9899042660565164,1.0107632079614735,0.9849277313179388,0.08538386233499773,0.914,1.0275348215840074,0.016771613622533987
linear_high_confounding,linear,44,0.08416199376355749,0.9964350165271884,1.0768452602540803,1.063497688356528,-0.05720827084148715,0.93575,1.0785439768529608,0.0016987165988804342
linear_high_confounding,linear,45,0.06982890121094029,0.9956269334766833,1.066907848913185,1.0913769131345448,-0.05630636014032405,0.93675,1.0719268521534566,0.005019003240271713
linear_high_confounding,linear,46,0.10124430476771931,0.9933644883977805,0.9564467002482875,0.9216599438902469,0.03143932188671582,0.9025,0.9562832224833928,-0.00016347776489467059
linear_high_confounding,linear,47,0.05976358925175043,0.9971000091312505,1.045770750482449,0.9985170809598338,-0.047775868045102414,0.91925,1.0481119573760835,0.0023412068936345953
linear_high_confounding,linear,48,0.09439454347338631,0.9924166032760375,1.091838942560267,1.0983561781153885,-0.035595590024432334,0.92575,1.0967656962492494,0.004926753688982322
linear_high_confounding,linear,49,0.08955025913888896,0.9925403720337732,1.0235003566106002,0.979806156308375,-0.03222927602863212,0.91475,1.015837016783519,-0.007663339827081339
linear_high_confounding,linear,50,0.09160907044420047,0.9936479224154952,0.9786535388410246,0.9830105704817147,-0.01348886529355909,0.9045,0.9673789088932009,-0.011274629947823689
linear_high_confounding,linear,51,0.10378466828123263,0.9908337969896122,1.0229136311934715,0.9666369522682933,-0.023491841399632375,0.9375,0.9875049174935794,-0.03540871369989207
linear_high_confounding,linear,52,0.1107243335797981,0.9909547076846692,1.046448974697557,1.0274510047376602,-0.031229997309747858,0.9145,1.0425592462786477,-0.003889728418909222
linear_high_confounding,linear,53,0.07758192665007481,0.9948975869310991,0.9981132826098009,0.9781368390754982,0.0069272478553540715,0.91225,1.0049411999815907,0.006827917371789782
linear_high_confounding,linear,54,0.07233556217956259,0.9945121210320075,1.0470938510669434,1.0224038051959234,-0.01010051153054275,0.92325,1.0356477667001927,-0.011446084366750764
linear_high_confounding,linear,55,0.10998786412322302,0.9901549186971823,1.0604081570806856,1.0323395244075004,-0.05204267571092427,0.913,1.0567178293766606,-0.003690327704024998
linear_high_confounding,linear,56,0.0686451917981379,0.9959970215623138,0.9506008515272274,0.9156039465528761,-0.060877970676046375,0.91675,0.9535277933367181,0.002926941809490713
linear_high_confounding,linear,57,0.10298888112234295,0.9891417693213603,1.0491965882697698,1.0338161624708986,0.07630936847438367,0.913,1.0523596446698598,0.0031630564000899586
linear_high_confounding,linear,58,0.1018530192787049,0.9882407203900448,1.054705791355236,1.0266215515574946,-0.004506138031035512,0.92725,1.0500040682611789,-0.004701723094057142
linear_high_confounding,linear,59,0.0714704503228737,0.9964918444057403,0.9856546572031232,0.9524937250306567,0.0101039820798993,0.9095,0.9888424213431933,0.0031877641400701595
linear_high_confounding,linear,60,0.08608628994457776,0.9943840099615006,0.9690166856979431,0.9499206593697848,0.04314202677437697,0.9225,0.97434219863132,0.005325512933376908
linear_high_confounding,linear,61,0.137690423629809,0.9952863237678952,1.0129066966605589,1.0083082978272844,-0.022266086460693252,0.94775,1.010531708023085,-0.002374988637473985
linear_high_confounding,linear,62,0.17665707378964596,0.994392753087047,1.0372343708460916,1.025941715653391,-0.07093810667629,0.939,1.0432837078220378,0.006049336975946229
linear_high_confounding,linear,63,0.06691750750252186,0.9958331379270711,0.9467711194165874,0.9509992984826376,-0.07110974936068952,0.9145,0.9524178810986789,0.005646761682091439
linear_high_confounding,linear,64,0.07141471210521448,0.9958394238649638,1.0376824299866094,1.0273506272821598,0.011207085025823902,0.9185,1.0493076685350162,0.011625238548406802
linear_high_confounding,linear,65,0.1153289690382698,0.9867324402957773,1.0018711255639277,0.9966892532321058,-0.06027830421039957,0.9355,1.0120884212453458,0.01021729568141816
linear_high_confounding,linear,66,0.07666193319170465,0.9937357783584859,0.9917087879070361,0.9799701481990465,0.010930732212708953,0.91975,0.997879163327531,0.006170375420494922
linear_high_confounding,linear,67,0.07936788382356838,0.9955405747212859,0.9961338750805114,0.9994662041963651,0.01169306101598228,0.911,0.9954175649699996,-0.0007163101105118752
linear_high_confounding,linear,68,0.09925362251889475,0.9925863372866461,1.0445700672406995,1.040004962779473,-0.0076848877608894275,0.94325,1.0464440097112822,0.0018739424705827012
linear_high_confounding,linear,69,0.09706585375580268,0.9900933069433318,0.9731609529349262,0.9822398770076401,-0.009713671344753809,0.9145,0.9739692444439361,0.0008082915090098508
linear_high_confounding,linear,70,0.08318915943766186,0.9954075760879733,0.9499066381108368,0.9149057030021811,-0.03394519641106241,0.9055,0.9467948561536604,-0.0031117819571763183
linear_high_confounding,linear,71,0.11573442552839393,0.9896297748518609,0.9310145846707053,0.9100147405031502,0.01641095331722162,0.9075,0.9347144589621252,0.0036998742914199356
linear_high_confounding,linear,72,0.16893811144362458,0.9717506825469175,1.0161781831581873,1.0051596178966025,-0.06894877706001122,0.92475,1.0210433044163658,0.004865121258178506
linear_high_confounding,linear,73,0.09503034710634596,0.9918568390535524,1.1218400067394279,1.0877136386698554,0.05910521118106554,0.93375,1.1217794907388436,-6.0516000584209806e-05
linear_high_confounding,linear,74,0.0778726480172559,0.9965024004689,0.9863091601351125,0.9522981639029844,-0.005087618162246805,0.90425,0.9830327313972761,-0.003276428737836401
linear_high_confounding,linear,75,0.0813551451802867,0.9954808302800517,0.9957479438373534,0.9861396791575914,-0.02901292251828946,0.90425,0.9975651365936746,0.0018171927563211954
linear_high_confounding,linear,76,0.05512201650009066,0.9970396191274762,0.9917706298386056,0.9704296002836498,0.025829586041792644,0.91925,0.9871614702728938,-0.00460915956571184
linear_high_confounding,linear,77,0.0736154737844414,0.9945558027222376,1.0650473091397634,1.0312704477465608,0.0531004957574563,0.91975,1.0615399662008447,-0.003507342938918745
linear_high_confounding,linear,78,0.0815295604407553,0.9938176014885999,0.9707294763932214,0.9478296292840073,-0.010140564170224247,0.9255,0.9723802258055603,0.0016507494123388922
linear_high_confounding,linear,79,0.0797292861457657,0.9929418971213685,1.0084785889811145,0.9916317696299946,-0.06379208664241978,0.92125,1.0284493033932538,0.019970714412139268
linear_high_confounding,linear,80,0.09193586964118158,0.9950279718142481,1.0319241131960717,0.9836342659603624,0.04563207390678092,0.9115,1.0334203712116563,0.0014962580155846172
linear_high_confounding,linear,81,0.06633907378315937,0.9967232867327054,1.0826699011254954,1.1117766785272962,0.00630198621069885,0.92125,1.082268593305452,-0.00040130782004332843
linear_high_confounding,linear,82,0.10377464230029583,0.9890945268184078,1.0361802965661315,1.008225924916012,0.013176843917473903,0.91425,1.042964463967003,0.00678416740087151
linear_high_confounding,linear,83,0.07578865767857186,0.9942951739559481,0.9984806617404911,0.9709946349070929,0.013570564772000469,0.92825,1.0035775647930472,0.005096903052556057
linear_high_confounding,linear,84,0.09539522873489807,0.9953050537065657,1.1064129848307516,1.0984211626607758,-0.03663288883248789,0.9245,1.1081874255693005,0.0017744407385489325
linear_high_confounding,linear,85,0.07880434840997247,0.9930713289419579,1.1263661747341658,1.0990934756298807,0.021143128564032047,0.93225,1.1257711126178074,-0.0005950621163584024
linear_high_confounding,linear,86,0.08733109319499667,0.9975851775990735,1.1082723662086182,1.0658154694263517,-0.10423268341935403,0.92975,1.1076966333244798,-0.0005757328841384801
linear_high_confounding,linear,87,0.11665890177104932,0.9964665868416617,1.0264474884563393,0.9954553848389434,0.038356827041173845,0.9185,1.0200546081376138,-0.006392880318725425
linear_high_confounding,linear,88,0.10749726051078283,0.9936929672308104,1.0821848311439968,1.0501639236709333,-0.009841856956336065,0.9385,1.0833497072170297,0.00116487607303295
linear_high_confounding,linear,89,0.07862837503381541,0.9959188912449307,1.0849463197980262,1.0440502452074998,-0.021323896741724288,0.9365,1.0855471629795943,0.0006008431815680559
linear_high_confounding,linear,90,0.10538723234757033,0.9886226187264137,0.9884618873491022,0.9749939645612791,-0.007671416944839006,0.91575,0.9948886106346392,0.0064267232855369505
linear_high_confounding,linear,91,0.10136774205676097,0.9897370649835666,1.0564221091398425,0.9893043831262384,0.048485877985538765,0.9175,1.0631374939352454,0.006715384795402901
linear_high_confounding,linear,92,0.10007413501566834,0.9964685081542816,1.0697847106106015,1.0680644937827346,-0.01817419706272417,0.938,1.07002435050745,0.00023963989684849807
linear_high_confounding,linear,93,0.04804036706848303,0.997613649850853,1.0158829538552923,0.9738501024126142,0.0056689158901424294,0.924,1.018370320194953,0.002487366339660735
linear_high_confounding,linear,94,0.07680892961925719,0.9948956622434788,0.9949334332327423,0.9807617546860322,-0.026007693724216612,0.916,0.9921818504622538,-0.002751582770488481
linear_high_confounding,linear,95,0.1154500157321327,0.9926883076680192,1.0188196849052678,0.9603230045613427,-0.08166089490543763,0.91325,1.008908928897327,-0.00991075600794078
linear_high_confounding,linear,96,0.10521637416548993,0.989616944226059,0.9605981411777713,0.9032096747355768,0.00940797964572473,0.91175,0.9695974188840063,0.008999277706234987
linear_high_confounding,linear,97,0.05410186802410582,0.9976649228540575,1.0720204910612063,1.0482581637940938,0.0802610847086848,0.93725,1.0901105130208952,0.018090021959688896
linear_high_confounding,linear,98,0.08256851063132761,0.9972324565145285,1.048619117992165,1.0136567731694213,0.009625943640176654,0.8995,1.0495908934360967,0.0009717754439317883
linear_high_confounding,linear,99,0.06143581175271207,0.996560256597516,0.9840437080522478,0.9705197344946014,-0.009082204359914475,0.913,0.9815107376920473,-0.002532970360200504
nonlinear_linear_learner,linear,0,1.7913458390285324,0.9863780382736271,1.9094509853196902,2.1546953568249982,-0.7965501164046472,0.99425,1.60799425495187,-0.30145673036782017
nonlinear_linear_learner,linear,1,1.7269636286797554,0.9714857609678599,1.7815464556927965,1.9405095635068437,-0.8761165456440513,0.9955,1.4206580708419787,-0.36088838485081776
nonlinear_linear_learner,linear,2,1.8071773835472227,0.9779417323088582,1.904228900295299,2.1446288906855613,-0.7934552825373306,0.9925,1.5855268291194917,-0.3187020711758073
nonlinear_linear_learner,linear,3,1.6990905621970174,0.9833416655213539,1.7972287756424594,2.0408495062056593,-0.7674654205249489,0.988,1.5747755370182568,-0.22245323862420263
nonlinear_linear_learner,linear,4,1.7628692034035887,0.9157996806124798,1.9175074647991865,2.062035111512275,-0.8013043089166049,0.9955,1.591787679298377,-0.3257197855008096
nonlinear_linear_learner,linear,5,1.7747854518042256,0.975753538547096,1.9074607017319056,2.0889963065426556,-0.7690420219303,0.991,1.5863427177171212,-0.3211179840147844
nonlinear_linear_learner,linear,6,1.7488185471691615,0.9709188434324275,1.6888410333128683,2.0736437081836616,-0.7949674129068269,0.9845,1.5141595699857995,-0.1746814633270688
nonlinear_linear_learner,linear,7,1.6819691300348167,0.9675979759748733,1.897440128652955,2.094104708602309,-0.7843531922138095,0.995,1.5013436242792864,-0.3960965043736686
nonlinear_linear_learner,linear,8,1.724307207055919,0.9915360859710054,1.8390039409456522,2.085984530412259,-0.8030354292491897,0.99225,1.5528837323577669,-0.28612020858788534
nonlinear_linear_learner,linear,9,1.8284072578144153,0.9367467547966722,1.9172098643079012,2.095609831769371,-0.8086532222406604,0.993,1.5783471114941003,-0.33886275281380085
nonlinear_linear_learner,linear,10,1.7974983269224356,0.9602985185811574,1.946891340686515,2.05175717312929,-0.8417309513692428,0.99675,1.5335338676406916,-0.4133574730458234
nonlinear_linear_learner,linear,11,1.8283353832126474,0.9567499642343728,1.954454098796687,2.1156972586031495,-0.8170685653287683,0.99425,1.598441420545775,-0.3560126782509119
nonlinear_linear_learner,linear,12,1.7796261731870415,0.9780855288803455,1.8341017612612158,2.059972602385481,-0.7878542036384875,0.98675,1.599692451486016,-0.2344093097751998
nonlinear_linear_learner,linear,13,1.8258552369937175,0.977625825726614,1.9523010012411337,2.072615269258925,-0.8617335782245991,0.99575,1.5592846881386426,-0.3930163131024911
nonlinear_linear_learner,linear,14,1.8053497468426534,0.9901320980707561,1.9074470383936242,2.096880430876786,-0.8353557472972887,0.9925,1.5817081202961993,-0.32573891809742483
nonlinear_linear_learner,linear,15,1.8404162615648423,0.9838481726155106,1.937584406926163,2.1752517664768147,-0.7856485397355393,0.99075,1.6507092539509163,-0.2868751529752467
nonlinear_linear_learner,linear,16,1.704149065757316,0.9797616145476008,1.7774083790622162,2.0550711988294186,-0.7975794538607486,0.991,1.489400678249143,-0.28800770081307325
nonlinear_linear_learner,linear,17,1.7549198165582236,0.9517923609870224,1.8023622494063853,1.9925130725872595,-0.8394822661550289,0.9935,1.4885645462112378,-0.31379770319514755
nonlinear_linear_learner,linear,18,1.8194934671023946,0.9657893711118356,1.8224522015576587,2.025190278536307,-0.878258281300456,0.99175,1.534374784946712,-0.28807741661094677
nonlinear_linear_learner,linear,19,1.7438166644395945,0.9616661702916356,1.8673059923959936,2.0465491539844303,-0.8276861267644003,0.996,1.5200516670849573,-0.3472543253110363
nonlinear_linear_learner,linear,20,1.7869831917161276,0.9572968520810532,1.7309485956322368,1.9766489182356932,-0.8599962711169844,0.98875,1.4816596314363517,-0.2492889641958851
nonlinear_linear_learner,linear,21,1.7760547232691195,0.9767553177347074,2.044865730312716,2.1477395997338853,-0.7618832751398823,0.99775,1.617163266976322,-0.4277024633363937
nonlinear_linear_learner,linear,22,1.7768169422724926,0.9636430500401906,1.8122559085240117,2.0480607577869994,-0.8072590254214592,0.99075,1.545829987406004,-0.2664259211180078
nonlinear_linear_learner,linear,23,1.7670021333132013,0.9637144706696542,1.9198695948774436,2.1031603618603394,-0.7999304089110957,0.995,1.55223709238717,-0.36763250249027357
nonlinear_linear_learner,linear,24,1.7935198477760816,0.9688396166149759,1.9979967339076379,2.117867190356351,-0.7913555531992558,0.9955,1.610369792629085,-0.3876269412785529
nonlinear_linear_learner,linear,25,1.651522803474589,0.9782735040170939,1.8342702980039,1.960632259657591,-0.846985816410059,0.99775,1.4555191074125633,-0.3787511905913368
nonlinear_linear_learner,linear,26,1.8753196534043275,0.9605921584120098,1.834271148057147,2.0685844626148917,-0.8622650385174081,0.988,1.5693878033502775,-0.2648833447068695
nonlinear_linear_learner,linear,27,1.7835248084895967,0.9736462311653893,1.8837499664340762,2.069126758786538,-0.8121039861884206,0.99375,1.5695053196392392,-0.314244646794837
nonlinear_linear_learner,linear,28,1.77168122134143,0.9883403402712712,1.8425904639737287,2.224705786536344,-0.8361113596645687,0.993,1.5438206269690835,-0.2987698370046452
nonlinear_linear_learner,linear,29,1.7164352545220722,0.9417042830440175,1.892127075905888,2.1553990681330615,-0.7607608612874248,0.99325,1.5962390888957447,-0.2958879870101432
nonlinear_linear_learner,linear,30,1.716288131706815,0.9751437795089861,1.743236048440956,2.0567200282411178,-0.8060234539047431,0.988,1.5478009523788028,-0.19543509606215315
nonlinear_linear_learner,linear,31,1.7871920783132684,0.9825908402869273,1.92711559876493,2.0532734633980323,-0.8095746718309381,0.99675,1.551675911708534,-0.3754396870563961
nonlinear_linear_learner,linear,32,1.7145745464204407,0.9696907479806716,1.8619417925061619,2.0823463868866905,-0.7710059208941339,0.992,1.5712036800454772,-0.2907381124606847
nonlinear_linear_learner,linear,33,1.6710157220436572,0.9640827713176732,1.8325353341125632,1.931983724478193,-0.8017541756015372,0.9955,1.49942928972532,-0.3331060443872431
nonlinear_linear_learner,linear,34,1.7347938854330816,0.9513596203349762,1.8812170626273081,1.9947401381163554,-0.8364471247007657,0.99675,1.4830016186494113,-0.3982154439778969
nonlinear_linear_learner,linear,35,1.9153857316156107,0.9804033046502064,1.8647777650223056,2.143677963453558,-0.8483184645638944,0.985,1.6384201198121724,-0.22635764521013324
nonlinear_linear_learner,linear,36,1.8142873020583503,0.955168848823053,1.7581173614530294,1.9705045246868924,-0.8697791689442396,0.988,1.5465354956677129,-0.21158186578531657
nonlinear_linear_learner,linear,37,1.7804248038051782,0.9526165296635329,1.9896125402934077,2.131848008021683,-0.7944496773725883,0.99575,1.5691056669448757,-0.420506873348532
nonlinear_linear_learner,linear,38,1.8687371655371208,0.9605815290363455,1.953926142219057,2.1448508890333713,-0.8420081412797952,0.99375,1.6175768598470797,-0.33634928237197737
nonlinear_linear_learner,linear,39,1.809273584344279,0.9815952624747039,1.7779190043232103,2.130479065797103,-0.875145896215715,0.9875,1.54397561797835,-0.23394338634486034
nonlinear_linear_learner,linear,40,1.8040890185385512,0.9537542767346422,1.8590543048725459,2.087123216200865,-0.8106964274427594,0.992,1.5500119238472212,-0.30904238102532466
nonlinear_linear_learner,linear,41,1.8405424771156047,0.9654411262150704,1.9138681036305756,2.154557888432116,-0.8629674843621676,0.99325,1.5957667801824964,-0.3181013234480792
nonlinear_linear_learner,linear,42,1.7347073372284925,0.9709732660608291,1.9433923905703798,2.0646511684373565,-0.7279988353922481,0.996,1.5801596264727522,-0.3632327640976276
nonlinear_linear_learner,linear,43,1.633595345814829,0.9736214826638425,1.7895522000283297,1.9227429503534375,-0.7856679476548369,0.9945,1.5136151306353667,-0.27593706939296303
nonlinear_linear_learner,linear,44,1.8209340523064708,0.9533946078371627,1.8079637196353477,2.1136536658328122,-0.8260277043570393,0.9855,1.6334267954960493,-0.17453692413929844
nonlinear_linear_learner,linear,45,1.720720481861769,0.9428469879904368,1.8092942053073993,1.9853286374021217,-0.8237351866034769,0.99425,1.4949116889330343,-0.314382516374365
nonlinear_linear_learner,linear,46,1.6714060347591226,0.9419945409371586,1.8137337880575648,1.9034847134543982,-0.7951327780819643,0.996,1.4793797335142969,-0.33435405454326794
nonlinear_linear_learner,linear,47,1.8114291163709113,0.962017472938592,1.757406765304307,2.007025806571592,-0.8314762756247633,0.985,1.5700667170596252,-0.18734004824468187
nonlinear_linear_learner,linear,48,1.7654855137902647,0.9528643889290241,1.8823302594355955,2.068375431651448,-0.7953519397070375,0.994,1.5761600599932675,-0.30617019944232804
nonlinear_linear_learner,linear,49,1.801647533147125,0.9693531412720712,1.7878781371387473,2.0665792342609413,-0.8485165382100516,0.99075,1.508580174547797,-0.2792979625909504
nonlinear_linear_learner,linear,50,1.861631803194724,0.9794590424036901,1.9709640323364217,2.0705700267571547,-0.8779596375732539,0.997,1.587019164247852,-0.38394486808856976
nonlinear_linear_learner,linear,51,1.7759252807760069,0.9844509838406864,1.9082770060942367,2.0562498936138374,-0.8652424242308393,0.9955,1.5556658898486924,-0.3526111162455443
nonlinear_linear_learner,linear,52,1.788297928416498,0.9625914775994672,1.8260936148267433,2.0547541431693164,-0.8298046335450098,0.98825,1.527679364795572,-0.2984142500311713
nonlinear_linear_learner,linear,53,1.730908179081928,0.9669536561846035,1.7221253433405581,1.9848435459202842,-0.8114414625251138,0.98625,1.5445884755578996,-0.17753686778265854
nonlinear_linear_learner,linear,54,1.7859948277848439,0.9579247502452969,1.9377723945493743,2.0848600739465444,-0.8035783155554014,0.99575,1.534124151808371,-0.4036482427410033
nonlinear_linear_learner,linear,55,1.8192878284359435,0.9731121435695088,1.8812129406998306,2.101136286312776,-0.8403179206959266,0.99275,1.5605021790654878,-0.32071076163434276
nonlinear_linear_learner,linear,56,1.8259073051466266,0.9419945662496603,1.8611780646731524,2.041555196063858,-0.8965288966773136,0.99425,1.53131144673754,-0.32986661793561245
nonlinear_linear_learner,linear,57,1.6394358529821205,0.9111758823234924,1.8398694979779364,1.9588921999841227,-0.7630327980522129,0.9955,1.4750716980178833,-0.3647977999600531
nonlinear_linear_learner,linear,58,1.7796908367674042,0.9264029482126841,1.8728894437635508,2.1526367704178915,-0.809035649807288,0.98775,1.5938042021367376,-0.27908524162681325
nonlinear_linear_learner,linear,59,1.720491298929743,0.9895519407844962,1.7693403309157463,1.9873352574952556,-0.8278428533507501,0.99125,1.4972617579613663,-0.27207857295438
nonlinear_linear_learner,linear,60,1.6640863047482435,0.9462720201420012,1.755361945614958,1.8854417605037692,-0.793580581473225,0.993,1.4451470492607332,-0.31021489635422483
nonlinear_linear_learner,linear,61,1.7807151444400249,0.9468663664916478,1.8184248251503214,2.0343183879465565,-0.882491386090116,0.994,1.4969022241140135,-0.3215226010363079
nonlinear_linear_learner,linear,62,1.733685650459671,0.9706623634788977,1.6587413147672154,1.9735018781508176,-0.8365304050757575,0.98825,1.4463889477499907,-0.2123523670172247
nonlinear_linear_learner,linear,63,1.7228262908742449,0.9716324328520269,1.7649543996530006,1.9548696931160812,-0.8178464626221866,0.9905,1.4936683453008486,-0.27128605435215203
nonlinear_linear_learner,linear,64,1.8843233178121055,0.9675975169748448,1.9494370422896476,2.2584972016729443,-0.7919397907675271,0.991,1.6334521873769605,-0.31598485491268713
nonlinear_linear_learner,linear,65,1.7437609724730982,0.9372666167666635,1.8646184898848748,2.0015303349019833,-0.8171780841102573,0.99525,1.5042399624439875,-0.3603785274408873
nonlinear_linear_learner,linear,66,1.7140387234494847,0.9817260579828787,1.8099989300159154,2.0304654805707383,-0.7625697962740545,0.9895,1.5526690614715328,-0.25732986854438256
nonlinear_linear_learner,linear,67,1.7213018464469314,0.965911328619458,1.83441007413206,1.9377539616339121,-0.8569141234078581,0.99575,1.4939455840767455,-0.34046449005531443
nonlinear_linear_learner,linear,68,1.7904391770735977,0.9585415727838483,1.9252773125032179,2.0906924162287535,-0.8535845823835837,0.995,1.5160689642592966,-0.40920834824392127
nonlinear_linear_learner,linear,69,1.8753216624784534,0.927691761980735,2.0427094258334315,2.1962623909939074,-0.8365460504778996,0.99675,1.5947285073513708,-0.4479809184820607
nonlinear_linear_learner,linear,70,1.7688553344275326,0.9599228369951771,1.7187436516718457,1.928949710661233,-0.8598864914324738,0.98575,1.5203454693271774,-0.19839818234466833
nonlinear_linear_learner,linear,71,1.7759634098624788,0.9227614506725905,1.8059973545227581,1.918520735797608,-0.8993150789977027,0.99525,1.4685193069529046,-0.33747804756985356
nonlinear_linear_learner,linear,72,1.7488728343303819,0.9269103187443948,1.970403338910954,2.0627625211072527,-0.7913002867887201,0.9985,1.5706798291001203,-0.3997235098108338
nonlinear_linear_learner,linear,73,1.769329263811415,0.9576009159750571,1.7634321887616589,1.9791135899824426,-0.7955609924627519,0.98225,1.5698299600160426,-0.19360222874561628
nonlinear_linear_learner,linear,74,1.693700081797254,0.9731900730743797,1.7491709421895156,1.9981790610594516,-0.8029124413363706,0.98775,1.5406262305873086,-0.208544711602207
nonlinear_linear_learner,linear,75,1.7374523833529516,0.9747632536727033,1.9157401934754805,2.021083327446819,-0.8368983099620209,0.996,1.5219715363657613,-0.3937686571097192
nonlinear_linear_learner,linear,76,1.7204490117878857,0.9757018753563671,1.8191407849101568,2.000718404171834,-0.8001119115487835,0.9935,1.5082208356838518,-0.31091994922630506
nonlinear_linear_learner,linear,77,1.7749439177474482,0.9598744773671548,1.9702146802088805,2.090666899334157,-0.808582484544441,0.997,1.592006039632343,-0.37820864057653747
nonlinear_linear_learner,linear,78,1.6876615367788892,0.9560090898130681,1.777609198710241,1.9515051318551786,-0.8364414087359499,0.9965,1.4684351324656082,-0.30917406624463273
nonlinear_linear_learner,linear,79,1.7385241223992212,0.9490911497556968,1.7642182197236838,1.987561193486455,-0.7971374922021539,0.992,1.492983936971016,-0.2712342827526677
nonlinear_linear_learner,linear,80,1.7725655214402847,0.950537026283564,1.9083301272721525,2.2247910452839306,-0.7473665112670804,0.9915,1.6518396797855337,-0.25649044748661876
nonlinear_linear_learner,linear,81,1.872330789164901,0.969379008961188,1.9272392991544967,2.1288441867615795,-0.7737669817664707,0.9905,1.6649377891217345,-0.26230151003276214
nonlinear_linear_learner,linear,82,1.8503619302344732,0.9556418701026167,2.0121761624729992,2.1484465955233243,-0.8150377852752284,0.99475,1.640839403362137,-0.3713367591108623
nonlinear_linear_learner,linear,83,1.8385067142060592,0.9081872453867027,1.8913261564190667,2.136315487081479,-0.8075018808750182,0.99175,1.5812514775524227,-0.31007467886664397
nonlinear_linear_learner,linear,84,1.7449876563936322,0.9232021912001368,1.8363945100635883,2.052589692528419,-0.8271003202133634,0.99325,1.507313256818389,-0.32908125324519943
nonlinear_linear_learner,linear,85,1.8619696290209842,0.920924288807768,1.8844746430961365,2.1021000077244727,-0.8434299338618821,0.99025,1.602139852789262,-0.2823347903068745
nonlinear_linear_learner,linear,86,1.7482471359055218,0.9618328238645514,1.8649908397453188,2.057640800913189,-0.7906729829075753,0.9925,1.5868617657222925,-0.2781290740230262
nonlinear_linear_learner,linear,87,1.6571797176071197,0.9727906742369169,1.7717500888334343,1.9625779102679006,-0.7929554718491575,0.99075,1.5137629711608493,-0.257987117672585
nonlinear_linear_learner,linear,88,1.7939924572681636,0.9441900087618755,1.900007578262992,2.017422629447389,-0.8741012489780073,0.99575,1.5611815080684974,-0.3388260701944945
nonlinear_linear_learner,linear,89,1.681848552132665,0.9366601271662579,1.8847208596121225,2.0453562655290494,-0.7599079932955267,0.99725,1.5133048135305722,-0.3714160460815503
nonlinear_linear_learner,linear,90,1.6630593942953709,0.972482753280172,1.7816677617135253,1.9650064503947788,-0.7793611490799621,0.9925,1.538482448736571,-0.24318531297695434
nonlinear_linear_learner,linear,91,1.6425818903908387,0.9837280456705029,1.9035492360620556,2.089304746081546,-0.7268604829762618,0.995,1.509292111187215,-0.39425712487484055
nonlinear_linear_learner,linear,92,1.8755499169897636,0.9685829684739355,1.8515506854421415,2.1773766881339287,-0.847666640757658,0.98175,1.6607160288683422,-0.19083465657379928
nonlinear_linear_learner,linear,93,1.7304723712777763,0.9608980513686282,1.837828921189632,2.0502945565805444,-0.796197820156649,0.9915,1.584335925474612,-0.2534929957150198
nonlinear_linear_learner,linear,94,1.8668443265841599,0.9729916144369759,1.8943556670629584,2.077948938779113,-0.8464286174898883,0.99125,1.6021345348038771,-0.2922211322590813
nonlinear_linear_learner,linear,95,1.7788478852626342,0.9758258378016148,1.813627583040163,2.0866669800800848,-0.8197793972472242,0.988,1.5618647025192358,-0.2517628805209271
nonlinear_linear_learner,linear,96,1.6956273403736264,0.9762825882051618,1.7725366205355273,2.052301586802114,-0.7773162807079111,0.99075,1.521090788717468,-0.25144583181805924
nonlinear_linear_learner,linear,97,1.7356812971169857,0.9768209223013075,1.8217976753861784,2.012987008515803,-0.8200884853120238,0.99275,1.5730697679278456,-0.24872790745833284
nonlinear_linear_learner,linear,98,1.75847810609892,0.976866385991649,1.8423634322872389,2.0968789525305755,-0.7785877670455196,0.98925,1.5676810416348474,-0.2746823906523914
nonlinear_linear_learner,linear,99,1.8131550871980582,0.9546436329777269,1.8373114194258215,1.9870179782756237,-0.8959605819033346,0.99575,1.5202809471352234,-0.3170304722905981
nonlinear_gbm_learner,gbm,0,1.1649349391195907,0.6732136716699113,1.1601311675599741,1.1575989125310173,-0.16654130618984345,0.9605,1.1745486146639463,0.014417447103972192
nonlinear_gbm_learner,gbm,1,1.0684383260045212,0.6551996666999791,1.0169003926025588,1.0192618864258465,-0.32960535685754483,0.9635,0.9868444514296238,-0.030055941172934975
nonlinear_gbm_learner,gbm,2,1.120744550556447,0.708031393126962,1.1675936741090853,1.1669107271988848,-0.19674248696893096,0.95325,1.1317295747912233,-0.03586409931786205
nonlinear_gbm_learner,gbm,3,1.003340955104548,0.7424906365306647,1.0996415153894434,1.09972585851967,-0.22174736542201742,0.94925,1.0888273156511974,-0.010814199738246044
nonlinear_gbm_learner,gbm,4,1.1062861111851503,0.62205712037857,1.1622969955840494,1.1686208208319686,-0.17030872890911244,0.978,1.1266627434624263,-0.03563425212162308
nonlinear_gbm_learner,gbm,5,1.159437438920211,0.7083805097112819,1.1488590033819697,1.1337083656570794,-0.2186972343950106,0.94475,1.123642931295171,-0.025216072086798658
nonlinear_gbm_learner,gbm,6,1.1164562316854938,0.7209339099958693,1.077475831220237,1.0575662571845783,-0.1888398209887397,0.9315,1.0676447492021093,-0.009831082018127768
nonlinear_gbm_learner,gbm,7,1.0199910158639107,0.7003716681482292,1.0665710083820366,1.0713107148286014,-0.18162842186369751,0.9595,1.0674005269201603,0.0008295185381237413
nonlinear_gbm_learner,gbm,8,1.0881510510383177,0.7021446864465428,1.1042445391082292,1.1112381916818495,-0.25774092162442014,0.96375,1.0976064141425055,-0.006638124965723691
nonlinear_gbm_learner,gbm,9,1.1106577712840013,0.645309253017326,1.1418653906553817,1.1458057806104047,-0.19168760837450174,0.9625,1.1122748618489287,-0.029590528806453076
nonlinear_gbm_learner,gbm,10,1.0939847843966923,0.6795126340320395,1.1120648002239677,1.1094544431554185,-0.2385576333850711,0.9685,1.0647804813315462,-0.04728431889242146
nonlinear_gbm_learner,gbm,11,1.1435002137448615,0.6768316656769792,1.1872383415453611,1.1682950304823074,-0.22087492317638385,0.96125,1.1411985304427528,-0.04603981110260835
nonlinear_gbm_learner,gbm,12,1.0554857960527286,0.7222882732055169,1.2139867475950519,1.2289660404988185,-0.1881916752082438,0.95775,1.1996814745450608,-0.014305273049991074
nonlinear_gbm_learner,gbm,13,1.1634634304841054,0.7137662704875997,1.102523694156767,1.1041056975147678,-0.2768215789637185,0.96575,1.0649655985366622,-0.037558095620104925
nonlinear_gbm_learner,gbm,14,1.0707420509899694,0.7027213312950831,1.1194989099529484,1.127267533151143,-0.1517915762641353,0.944,1.1279897064609707,0.008490796508022314
nonlinear_gbm_learner,gbm,15,1.0469094393225415,0.7080941109433818,1.185758320080497,1.1801952438351657,-0.10114620782571306,0.95,1.2072432075432777,0.021484887462780655
nonlinear_gbm_learner,gbm,16,1.1269960628355138,0.7233995388999711,1.1002065843621414,1.1055791873058862,-0.27890471117191,0.97075,1.0482825502578004,-0.05192403410434099
nonlinear_gbm_learner,gbm,17,1.0762101405641398,0.6631528865720553,1.1213438594311391,1.126354104123984,-0.22473105617167,0.96875,1.0852853826006297,-0.036058476830509445
nonlinear_gbm_learner,gbm,18,1.172926198919189,0.7163036412689775,1.1391814695369034,1.1403888873200652,-0.2786820260247347,0.96975,1.1456393418725344,0.006457872335630999
nonlinear_gbm_learner,gbm,19,1.1348664923326495,0.6861746364180792,1.1019633714698687,1.095642257595394,-0.2228795960304072,0.9615,1.0947590267900482,-0.007204344679820451
nonlinear_gbm_learner,gbm,20,1.183755625926795,0.7155876765390229,1.0159871532734706,1.032079569772409,-0.3045319355614646,0.96125,1.0116541027769532,-0.004333050496517332
nonlinear_gbm_learner,gbm,21,1.133238677233053,0.6856780144798759,1.1685123549146461,1.1770700969967067,-0.2404795704818928,0.97825,1.117407503161836,-0.0511048517528101
nonlinear_gbm_learner,gbm,22,1.1431003341055437,0.7069845578740348,1.1482751699020068,1.1500854211087463,-0.19578476294864408,0.968,1.1287504126090513,-0.019524757292955552
nonlinear_gbm_learner,gbm,23,1.1178298213124085,0.6973721143371964,1.11401894623397,1.1180503890573277,-0.24564587948480057,0.951,1.1072734166042892,-0.00674552962968078
nonlinear_gbm_learner,gbm,24,1.134496649819791,0.6845413361588335,1.1895027835034424,1.162092626555922,-0.13433916489925657,0.9595,1.1909443783441183,0.0014415948406758528
nonlinear_gbm_learner,gbm,25,1.153685541541339,0.6420085835931305,1.095979665781577,1.0999412828278778,-0.3765630929451243,0.97725,1.0429867016553032,-0.052992964126273856
nonlinear_gbm_learner,gbm,26,1.1695095737176653,0.7635656436603526,1.1187035323970609,1.1282058896797276,-0.2880022564529542,0.94525,1.1190630480629333,0.0003595156658724452
nonlinear_gbm_learner,gbm,27,1.184473148910071,0.7005263870032363,1.1604209458679227,1.1578290955308699,-0.22807328798679402,0.96725,1.1491872495162225,-0.011233696351700129
nonlinear_gbm_learner,gbm,28,1.07823086358007,0.6894295240893452,1.1441632282509904,1.1383496469379732,-0.2714506004971117,0.968,1.1131844053749023,-0.030978822876088108
nonlinear_gbm_learner,gbm,29,1.122925307590488,0.6425616614078439,1.108047024161891,1.1185381256796896,-0.16464538135981222,0.9705,1.0974576096082878,-0.010589414553603183
nonlinear_gbm_learner,gbm,30,1.0837001581605556,0.7257921091147782,1.1266096715039922,1.1248181459361197,-0.253260308849394,0.9575,1.1188018056949414,-0.007807865809050796
nonlinear_gbm_learner,gbm,31,0.9971553931964722,0.7468532347408271,1.0708530180146552,1.0671374785475,-0.15369041276763962,0.9485,1.0516274932461065,-0.019225524768548663
nonlinear_gbm_learner,gbm,32,1.119129257145358,0.6921997355124835,1.1751763003396483,1.1696881543429076,-0.22026334484310345,0.969,1.1573441022252933,-0.01783219811435499
nonlinear_gbm_learner,gbm,33,1.043333070808187,0.6926454978528435,1.094700611656294,1.1023255521711162,-0.29656041228399327,0.9645,1.0695000372914132,-0.02520057436488088
nonlinear_gbm_learner,gbm,34,1.100274179787521,0.6424068896805434,1.1002963655603957,1.0903809104813036,-0.24835304795876623,0.97375,1.071837554980042,-0.0284588105803536
nonlinear_gbm_learner,gbm,35,1.0956356973317058,0.770170370010648,1.1581375928762079,1.1690179661683804,-0.20448311160583704,0.96,1.1808341943005696,0.022696601424361695
nonlinear_gbm_learner,gbm,36,1.1223561987059898,0.7161231597576975,1.1173925952282178,1.1076351446921784,-0.26339455087872365,0.94525,1.1010193819842722,-0.016373213243945584
nonlinear_gbm_learner,gbm,37,1.134870864670653,0.6671951594184721,1.1295288005704043,1.13067064525676,-0.20463155058795576,0.95525,1.0965671365940908,-0.032961663976313504
nonlinear_gbm_learner,gbm,38,1.1797148037635417,0.6838433173027073,1.1528705744135195,1.1497883367497388,-0.2258388248017002,0.97575,1.1197808776438123,-0.03308969676970719
nonlinear_gbm_learner,gbm,39,1.1041857044702406,0.6988925660557853,1.0852013941479979,1.0901521913528145,-0.24299983788242474,0.96975,1.0757529154143912,-0.009448478733606658
